id,VISIT,trnum,num,novel,famil,pctnovel,right,left,cent,away,elapse
1,1,1,224,0,196,0,0,224,0,0,22.3
1,1,2,155,0,125,0,0,151,0,4,37.8
1,1,3,153,70,0,100,0,95,0,58,53.1
1,1,4,162,122,6,95.3125,6,149,7,0,69.3
1,1,5,155,87,20,81.30841121,87,20,20,28,84.8
1,1,6,258,119,25,82.63888889,126,41,54,37,110.6
1,1,7,153,126,0,100,0,153,0,0,125.9
1,1,8,154,124,3,97.63779528,16,137,1,0,141.3
1,1,9,213,11,112,8.943089431,11,117,0,85,162.6
1,1,10,154,0,127,0,0,153,0,1,178
1,1,11,156,104,8,92.85714286,8,131,8,9,193.6
1,1,12,167,118,16,88.05970149,19,118,4,26,210.3
1,1,13,158,0,125,0,0,146,10,2,226.1
1,1,14,177,0,110,0,0,128,0,49,243.8
1,2,1,185,22,135,14.01273885,22,147,0,16,18.4
1,2,2,177,1,146,0.680272109,8,166,3,0,36.1
1,2,3,155,129,0,100,0,155,0,0,51.6
1,2,4,153,127,0,100,0,153,0,0,66.9
1,2,5,149,0,122,0,0,149,0,0,81.8
1,2,6,151,0,124,0,0,151,0,0,96.9
1,2,7,148,121,0,100,0,148,0,0,111.7
1,2,8,151,124,0,100,0,151,0,0,126.8
1,2,9,153,0,127,0,0,153,0,0,142.1
1,2,10,158,0,132,0,0,158,0,0,157.9
1,2,11,152,103,0,100,0,127,0,25,173.1
1,2,12,148,110,0,100,11,120,6,11,187.9
1,2,13,180,2,92,2.127659574,2,92,8,78,205.9
1,2,14,174,0,147,0,8,165,0,1,223.3
1,2,15,156,77,7,91.66666667,14,93,3,46,238.9
1,2,16,154,122,0,100,0,122,0,32,254.3
1,2,17,157,0,130,0,0,157,0,0,270
1,2,18,154,0,107,0,0,134,0,20,285.4
1,2,19,152,123,0,100,0,143,0,9,300.6
1,2,20,152,126,0,100,0,152,0,0,315.8
1,2,21,151,124,0,100,125,21,5,0,330.9
1,2,22,157,128,0,100,155,0,0,2,346.6
1,2,23,149,0,123,0,149,0,0,0,361.5
1,2,24,151,4,120,3.225806452,140,7,4,0,376.6
1,2,25,159,0,119,0,9,119,0,31,392.5
1,2,26,194,0,125,0,7,126,0,61,411.9
1,2,27,154,127,0,100,0,154,0,0,427.3
1,2,28,157,131,0,100,0,157,0,0,443
1,2,29,156,0,125,0,3,148,5,0,458.6
1,2,30,152,0,126,0,0,152,0,0,473.8
1,2,31,153,124,0,100,0,151,0,2,489.1
1,3,1,158,2,128,1.538461538,15,140,0,3,15.7
1,3,2,152,65,8,89.04109589,75,17,3,57,30.9
1,3,3,153,123,0,100,11,128,7,7,46.2
1,3,4,165,44,2,95.65217391,6,58,8,93,62.7
1,3,5,162,0,117,0,9,135,6,12,78.9
1,3,6,158,89,0,100,89,0,0,69,94.7
1,3,7,213,145,39,78.80434783,47,150,13,3,116
1,3,8,158,54,47,53.46534653,47,59,9,43,131.8
1,3,9,158,0,0, ,0,18,5,135,147.6
1,3,10,153,72,3,96,72,13,3,65,162.9
1,3,11,158,111,7,94.06779661,12,111,11,24,178.7
1,3,12,158,114,0,100,5,116,0,37,194.5
1,3,13,158,0,122,0,5,141,1,11,210.3
1,3,14,251,0,168,0,0,168,0,83,235.4
1,3,15,152,24,0,100,0,37,0,115,250.6
1,3,16,164,17,112,13.17829457,112,30,21,1,267
1,3,17,154,0,121,0,4,138,12,0,282.4
1,3,18,161,6,111,5.128205128,13,122,23,3,298.5
1,3,19,162,114,5,95.79831933,10,127,15,10,314.7
1,3,20,168,124,0,100,0,147,0,21,331.5
1,3,21,157,0,109,0,4,113,3,37,347.2
1,3,22,152,0,117,0,0,138,3,11,362.4
1,3,23,162,125,0,100,0,125,0,37,378.6
1,3,24,186,119,7,94.44444444,7,141,6,32,397.2
1,3,25,161,0,129,0,0,136,0,25,413.3
1,3,26,160,0,134,0,0,145,13,2,429.3
1,3,27,155,121,4,96.8,4,145,3,3,444.8
1,3,28,152,81,0,100,0,108,8,36,460
1,3,29,157,0,126,0,11,139,3,4,475.7
1,3,30,161,0,123,0,8,133,0,20,491.8
1,3,31,155,117,0,100,2,126,6,21,507.3
1,3,32,157,128,0,100,0,145,0,12,523
1,3,33,174,0,132,0,0,137,6,31,540.4
1,3,34,159,0,131,0,0,143,0,16,556.3
1,3,35,214,125,0,100,0,139,0,75,577.7
1,3,36,188,93,5,94.89795918,5,106,6,71,596.5
1,3,37,152,0,121,0,0,144,4,4,611.7
1,3,38,254,0,158,0,9,168,3,74,637.1
1,3,39,155,110,1,99.0990991,7,113,1,34,652.6
1,3,40,155,121,0,100,0,129,0,26,668.1
2,1,1,156,57,0,100,85,0,0,71,15.5
2,1,2,154,70,0,100,82,0,0,72,30.9
2,1,3,155,0,57,0,57,0,0,98,46.4
2,1,4,253,0,34,0,34,0,12,207,71.7
2,1,5,236,39,0,100,39,0,0,197,95.3
2,1,6,217,54,31,63.52941176,54,31,16,116,117
2,1,7,165,18,50,26.47058824,62,32,3,68,133.5
2,1,8,186,0,34,0,34,0,14,138,152.1
2,1,9,158,119,0,100,145,0,0,13,167.9
2,1,10,161,134,0,100,161,0,0,0,184
2,1,11,164,0,119,0,145,0,0,19,200.4
2,1,12,155,0,91,0,117,0,0,38,215.9
2,1,13,152,100,0,100,127,0,0,25,231.1
2,1,14,152,75,0,100,102,0,0,50,246.3
2,1,15,276,15,117,11.36363636,117,15,11,133,273.9
2,1,16,152,25,43,36.76470588,48,37,27,40,289.1
2,1,17,182,49,31,61.25,49,31,7,95,307.3
2,1,18,152,45,9,83.33333333,72,9,5,66,322.5
2,1,19,168,0,54,0,54,0,0,114,339.3
2,1,20,153,0,99,0,103,0,0,50,354.6
2,1,21,212,108,0,100,108,0,0,104,375.8
2,1,22,188,62,0,100,88,0,0,100,394.6
2,1,23,179,17,36,32.0754717,44,30,19,86,412.5
2,1,24,170,7,19,26.92307692,19,7,4,140,429.5
2,2,1,229,22,67,24.71910112,26,70,2,131,22.8
2,2,2,144,3,74,3.896103896,9,94,5,36,37.2
2,2,3,166,79,22,78.21782178,22,86,3,55,53.8
2,2,4,167,81,17,82.65306122,17,95,0,55,70.5
2,2,5,161,10,69,12.65822785,10,95,0,56,86.6
2,2,6,206,0,70,0,0,70,3,133,107.2
2,2,7,158,68,39,63.55140187,43,77,7,31,123
2,2,8,155,71,0,100,4,71,1,79,138.5
2,2,9,182,5,53,8.620689655,11,65,9,97,156.7
2,2,10,181,0,31,0,5,41,24,111,174.8
2,2,11,166,19,27,41.30434783,27,19,7,113,191.4
2,2,12,155,18,36,33.33333333,43,18,15,79,206.9
2,2,13,224,31,8,79.48717949,43,8,29,144,229.3
2,2,14,148,47,32,59.49367089,61,32,24,31,244.1
2,2,15,148,17,27,38.63636364,28,27,21,72,258.9
2,2,16,205,79,8,90.8045977,13,85,21,86,279.4
2,2,17,148,0,81,0,0,107,4,37,294.2
2,2,18,174,39,38,50.64935065,45,38,1,90,311.6
2,2,19,160,20,26,43.47826087,28,20,37,75,327.6
2,2,20,152,0,25,0,25,0,12,115,342.8
2,2,21,194,52,0,100,69,0,0,125,362.2
2,2,22,231,16,1,94.11764706,16,1,4,210,385.3
2,2,23,267,24,0,100,0,45,6,216,412
2,2,24,172,10,16,38.46153846,16,31,8,117,429.2
2,3,1,182,11,88,11.11111111,11,96,0,75,18.1
2,3,2,309,18,44,29.03225806,25,55,10,219,49
2,3,3,196,26,56,31.70731707,64,26,1,105,68.6
2,3,4,163,103,0,100,0,103,0,60,84.9
2,3,5,234,36,54,40,36,60,3,135,108.3
2,3,6,168,0,53,0,0,72,0,96,125.1
2,3,7,168,43,0,100,0,48,0,120,141.9
2,3,8,217,28,23,54.90196078,23,28,0,166,163.6
2,3,9,208,2,26,7.142857143,2,34,0,172,184.4
2,3,10,157,13,25,34.21052632,13,25,10,109,200.1
2,3,11,159,14,14,50,14,14,1,130,216
2,3,12,157,37,8,82.22222222,8,52,1,96,231.7
3,1,1,173,0,144,0,0,172,0,1,17.2
3,1,2,156,0,129,0,0,156,0,0,32.8
3,1,3,151,92,0,100,0,118,0,33,47.9
3,1,4,163,70,0,100,0,70,0,93,64.2
3,1,5,221,0,55,0,0,55,0,166,86.3
3,1,6,173,0,139,0,2,139,0,32,103.6
3,1,7,154,118,0,100,0,134,0,20,119
3,1,8,535,4,101,3.80952381,101,4,2,428,172.5
3,1,9,149,83,0,100,97,11,0,41,187.4
3,1,10,295,117,0,100,117,0,6,172,216.9
3,1,11,488,119,0,100,4,119,0,365,265.7
3,1,12,622,19,0,100,0,39,5,578,327.9
3,1,13,219,0,18,0,0,18,0,201,349.8
3,1,14,279,99,0,100,99,0,10,170,377.7
3,1,15,952,0,11,0,36,0,0,916,472.9
3,1,16,200,0,112,0,112,0,0,88,492.9
3,1,17,153,120,0,100,136,0,0,17,508.2
3,1,18,177,16,77,17.20430108,40,77,3,57,525.9
3,1,19,452,0,61,0,61,16,1,374,571.1
3,1,20,176,0,111,0,113,0,6,57,588.7
3,1,21,151,65,0,100,91,0,0,60,603.8
3,1,22,155,0,90,0,26,90,4,35,619.3
3,1,23,578,86,0,100,0,86,0,492,677.1
3,1,24,148,97,0,100,0,103,0,45,691.9
3,1,25,174,0,116,0,0,139,0,35,709.3
3,1,26,149,0,77,0,0,103,0,46,724.2
3,2,1,159,0,3, ,9,3,14,133,15.8
3,2,2,226,43,15,74.13793103,43,15,0,168,38.4
3,2,3,1665,0,10,0,12,26,10,1617,204.9
3,2,4,676,82,17,82.82828283,17,82,0,577,272.5
3,2,5,241,15,1,93.75,16,16,0,209,296.6
3,2,6,344,5,112,4.273504274,5,112,4,223,331
3,2,7,244,21,7,75,7,21,0,216,355.4
3,2,8,672,20,83,19.41747573,83,20,0,569,422.6
3,2,9,148,16,3,84.21052632,41,4,41,62,437.4
3,2,10,335,4,97,3.96039604,4,97,10,224,470.9
3,2,11,149,120,0,100,0,131,0,18,485.8
3,2,12,151,124,0,100,0,151,0,0,500.9
3,2,13,150,0,124,0,0,150,0,0,515.9
3,2,14,163,0,118,0,0,133,1,29,532.2
3,2,15,158,121,3,97.58064516,7,123,0,28,548
3,2,16,150,123,0,100,0,150,0,0,563
3,2,17,166,0,119,0,0,136,0,30,579.6
3,2,18,151,0,119,0,0,146,5,0,594.7
3,2,19,149,119,3,97.54098361,4,145,0,0,609.6
3,2,20,157,112,0,100,2,126,8,21,625.3
3,2,21,150,0,117,0,0,143,0,7,640.3
3,2,22,158,4,80,4.761904762,8,80,20,50,656.1
3,2,23,153,93,1,98.93617021,1,115,22,15,671.4
3,2,24,153,98,28,77.77777778,30,123,0,0,686.7
3,2,25,157,120,4,96.77419355,140,8,4,5,702.4
3,2,26,156,8,98,7.547169811,8,99,23,26,718
3,2,27,148,2,120,1.639344262,125,14,8,1,732.8
3,2,28,155,129,0,100,10,142,0,3,748.3
3,2,29,152,0,120,0,0,132,5,15,763.5
3,2,30,149,3,107,2.727272727,3,128,8,10,778.4
3,2,31,155,127,0,100,0,134,18,3,793.9
3,2,32,155,116,0,100,4,136,6,9,809.4
3,2,33,148,1,114,0.869565217,6,119,0,23,824.2
3,2,34,152,0,114,0,8,119,18,7,839.4
3,2,35,154,105,0,100,5,123,4,22,854.8
3,2,36,153,108,0,100,0,113,22,18,870.1
3,2,37,280,0,109,0,0,109,23,148,898.1
3,2,38,161,2,98,2,2,114,11,34,914.2
3,2,39,156,119,0,100,0,129,1,26,929.8
3,2,40,156,121,0,100,0,132,10,14,945.4
3,3,1,156,1,127,0.78125,6,131,11,8,15.5
3,3,2,148,0,121,0,0,148,0,0,30.3
3,3,3,148,122,0,100,0,148,0,0,45.1
3,3,4,146,120,0,100,0,146,0,0,59.7
3,3,5,152,24,97,19.83471074,24,124,2,2,74.9
3,3,6,148,116,1,99.14529915,135,4,7,2,89.7
3,3,7,149,0,122,0,143,3,0,3,104.6
3,3,8,152,0,126,0,152,0,0,0,119.8
3,3,9,150,121,0,100,147,0,2,1,134.8
3,3,10,152,125,0,100,152,0,0,0,150
3,3,11,150,0,120,0,144,0,3,3,165
3,3,12,147,0,121,0,143,1,3,0,179.7
3,3,13,149,120,1,99.17355372,145,3,0,1,194.6
3,3,14,196,132,5,96.35036496,153,9,3,31,214.2
3,3,15,160,0,122,0,136,0,0,24,230.2
3,3,16,148,82,36,69.49152542,53,85,10,0,245
3,3,17,171,127,0,100,142,9,7,13,262.1
3,3,18,152,126,0,100,151,0,0,1,277.3
3,3,19,146,0,118,0,144,0,0,2,291.9
3,3,20,150,0,120,0,144,0,3,3,306.9
3,3,21,147,118,0,100,144,0,0,3,321.6
3,3,22,147,120,0,100,147,0,0,0,336.3
3,3,23,151,0,124,0,149,0,0,2,351.4
3,3,24,150,0,124,0,150,0,0,0,366.4
3,3,25,147,115,0,100,132,4,8,3,381.1
3,3,26,160,106,12,89.83050847,128,12,0,20,397.1
3,3,27,149,88,35,71.54471545,35,109,5,0,412
3,3,28,147,114,1,99.13043478,16,120,9,2,426.7
3,3,29,154,105,22,82.67716535,124,27,3,0,442.1
3,3,30,150,0,123,0,0,150,0,0,457.1
3,3,31,155,52,70,42.62295082,70,75,0,10,472.6
3,3,32,152,0,120,0,134,0,0,18,487.8
3,3,33,153,119,0,100,147,0,0,6,503.1
3,3,34,152,105,12,89.74358974,114,12,0,26,518.3
3,3,35,147,101,0,100,0,127,4,16,533
3,3,36,148,111,0,100,0,132,0,16,547.8
3,3,37,152,22,84,20.75471698,22,94,0,36,563
3,3,38,153,0,120,0,10,125,10,8,578.3
3,3,39,151,94,0,100,5,97,0,49,593.4
3,3,40,151,71,45,61.20689655,45,79,0,27,608.5
4,1,1,153,0,22,0,0,50,0,103,15.2
4,1,2,221,12,0,100,12,15,4,190,37.3
4,1,3,1167,145,9,94.15584416,9,145,16,997,154
4,1,4,154,59,0,100,0,86,0,68,169.4
4,1,5,243,0,112,0,0,138,0,105,193.7
4,1,6,235,0,109,0,0,109,0,126,217.2
4,1,7,153,59,0,100,0,59,0,94,232.5
4,1,8,339,165,0,100,0,169,0,170,266.4
4,1,9,335,0,121,0,0,146,0,189,299.9
4,1,10,153,56,59,48.69565217,56,85,2,10,315.2
4,1,11,610,84,0,100,6,93,0,511,376.2
4,1,12,360,149,0,100,0,149,0,211,412.2
4,1,13,149,0,118,0,0,145,0,4,427.1
4,1,14,152,0,51,0,0,77,0,75,442.3
4,2,1,215,12,165,6.779661017,12,166,1,36,21.4
4,2,2,196,93,1,98.93617021,93,9,2,92,41
4,2,3,167,42,0,100,0,42,0,125,57.7
4,2,4,421,118,10,92.1875,10,118,0,293,99.8
4,2,5,249,0,190,0,0,216,0,33,124.7
4,2,6,147,0,120,0,0,147,0,0,139.4
4,2,7,153,126,0,100,0,153,0,0,154.7
4,2,8,151,125,0,100,0,151,0,0,169.8
4,2,9,151,0,124,0,0,151,0,0,184.9
4,2,10,148,0,122,0,0,148,0,0,199.7
4,2,11,155,129,0,100,0,155,0,0,215.2
4,2,12,145,119,0,100,0,145,0,0,229.7
4,2,13,151,0,122,0,0,148,0,3,244.8
4,2,14,155,0,126,0,0,130,23,2,260.3
4,2,15,156,130,0,100,0,156,0,0,275.9
4,2,16,153,127,0,100,0,153,0,0,291.2
4,2,17,153,0,80,0,0,106,1,46,306.5
4,3,1,154,0,72,0,5,73,4,72,15.3
4,3,2,161,0,88,0,0,88,3,70,31.4
4,3,3,144,104,9,92.03539823,25,104,9,6,45.8
4,3,4,143,37,29,56.06060606,47,40,12,44,60.1
4,3,5,162,0,128,0,0,155,0,7,76.3
4,3,6,153,97,23,80.83333333,97,50,4,2,91.6
4,3,7,150,111,4,96.52173913,15,121,7,7,106.6
4,3,8,155,109,5,95.61403509,5,136,8,6,122.1
4,3,9,149,104,6,94.54545455,107,19,17,6,137
4,3,10,153,14,104,11.86440678,19,122,3,9,152.3
4,3,11,149,121,2,98.37398374,28,121,0,0,167.2
4,3,12,148,113,4,96.58119658,18,125,4,1,182
4,3,13,150,121,0,100,138,0,10,2,197
4,3,14,150,122,0,100,149,0,0,1,212
4,3,15,159,0,103,0,126,0,32,1,227.9
4,3,16,152,0,125,0,151,0,0,1,243.1
4,3,17,149,118,0,100,138,0,0,11,258
4,3,18,149,120,0,100,147,0,0,2,272.9
4,3,19,153,0,114,0,118,19,13,3,288.2
4,3,20,153,114,1,99.13043478,9,129,4,11,303.5
4,3,21,151,118,0,100,123,0,28,0,318.6
4,3,22,150,122,0,100,146,0,2,2,333.6
4,3,23,152,0,114,0,131,0,21,0,348.8
4,3,24,152,0,123,0,150,0,0,2,364
4,3,25,150,124,0,100,150,0,0,0,379
4,3,26,147,103,0,100,121,5,19,2,393.7
4,3,27,171,73,41,64.03508772,58,78,2,33,410.8
4,3,28,226,94,86,52.22222222,97,94,31,4,433.4
4,3,29,148,74,39,65.48672566,94,45,8,1,448.2
4,3,30,153,10,98,9.259259259,10,124,0,19,463.5
4,3,31,383,110,3,97.34513274,7,110,5,261,501.8
4,3,32,148,97,0,100,15,103,30,0,516.6
4,3,33,146,107,5,95.53571429,111,5,29,1,531.2
4,3,34,154,120,0,100,131,0,20,3,546.6
4,3,35,153,9,90,9.090909091,101,9,33,10,561.9
4,3,36,149,32,73,30.47619048,83,40,8,18,576.8
4,3,37,250,63,0,100,63,0,38,149,601.8
4,3,38,152,13,68,16.04938272,13,68,58,13,617
4,3,39,147,92,15,85.98130841,30,97,18,2,631.7
4,3,40,146,113,0,100,6,113,23,4,646.3
5,1,1,193,79,52,60.30534351,79,52,0,62,19.2
5,1,2,158,54,53,50.46728972,54,53,8,43,35
5,1,3,158,21,110,16.03053435,125,29,4,0,50.8
5,1,4,163,24,107,18.32061069,127,24,7,5,67.1
5,1,5,197,154,0,100,165,0,7,25,86.8
5,1,6,154,127,0,100,154,0,0,0,102.2
5,1,7,156,5,111,4.310344828,138,5,2,11,117.8
5,1,8,160,5,125,3.846153846,152,5,0,3,133.8
5,1,9,186,124,0,100,152,0,0,34,152.4
5,1,10,160,99,0,100,123,0,0,37,168.4
5,1,11,163,8,36,18.18181818,50,8,0,105,184.7
5,1,12,231,26,105,19.84732824,121,26,14,70,207.8
5,1,13,169,62,40,60.78431373,70,40,19,40,224.7
5,1,14,163,100,0,100,121,0,0,42,241
5,2,1,152,73,33,68.86792453,97,33,0,22,15.1
5,2,2,166,0,12,0,6,12,13,135,31.7
5,2,3,306,50,8,86.20689655,8,50,0,248,62.3
5,2,4,145,48,13,78.68852459,13,74,4,54,76.8
5,2,5,163,12,58,17.14285714,12,58,2,91,93.1
5,2,6,152,19,44,30.15873016,25,44,6,77,108.3
5,2,7,150,5,22,18.51851852,22,5,0,123,123.3
5,2,8,480,68,75,47.55244755,78,72,17,313,171.3
5,2,9,158,84,19,81.55339806,88,23,9,38,187.1
5,2,10,214,102,5,95.3271028,102,5,0,107,208.5
5,2,11,162,0,123,0,130,0,11,21,224.7
5,2,12,151,0,111,0,137,0,0,14,239.8
5,2,13,165,50,52,49.01960784,57,52,3,53,256.3
5,2,14,218,35,103,25.36231884,37,114,30,37,278.1
5,2,15,144,0,62,0,86,0,0,58,292.5
5,2,16,169,137,4,97.16312057,13,140,0,16,309.4
5,2,17,155,3,58,4.918032787,6,58,7,84,324.9
5,2,18,225,58,91,38.9261745,65,98,0,62,347.4
5,2,19,279,128,23,84.76821192,24,128,10,117,375.3
5,2,20,151,42,19,68.85245902,19,42,0,90,390.4
5,2,21,148,117,4,96.69421488,137,10,0,1,405.2
5,2,22,146,94,0,100,114,0,0,32,419.8
5,2,23,161,0,135,0,161,0,0,0,435.9
5,2,24,165,5,105,4.545454545,131,5,0,29,452.4
5,3,1,174,56,74,43.07692308,56,82,0,36,17.3
5,3,2,161,41,78,34.45378151,59,85,0,17,33.4
5,3,3,153,127,0,100,0,153,0,0,48.7
5,3,4,154,127,0,100,0,152,0,2,64.1
5,3,5,153,0,127,0,0,153,0,0,79.4
5,3,6,154,0,127,0,0,154,0,0,94.8
5,3,7,157,130,0,100,0,157,0,0,110.5
5,3,8,158,131,0,100,0,158,0,0,126.3
5,3,9,159,0,130,0,0,156,0,3,142.2
5,3,10,160,20,113,15.03759398,20,139,0,1,158.2
5,3,11,154,117,0,100,0,141,9,4,173.6
5,3,12,155,129,0,100,0,155,0,0,189.1
5,3,13,157,55,44,55.55555556,55,71,16,15,204.8
5,3,14,162,25,93,21.18644068,31,108,22,1,221
5,3,15,178,109,11,90.83333333,11,135,6,26,238.8
5,3,16,155,40,61,39.6039604,61,45,22,27,254.3
5,3,17,156,2,103,1.904761905,29,103,0,24,269.9
5,3,18,155,14,84,14.28571429,14,84,6,51,285.4
5,3,19,165,43,51,45.74468085,51,43,0,71,301.9
5,3,20,157,71,22,76.34408602,42,72,6,37,317.6
5,3,21,168,0,107,0,0,107,22,39,334.4
5,3,22,156,0,99,0,0,126,0,30,350
5,3,23,173,86,0,100,0,105,0,68,367.3
5,3,24,178,73,0,100,0,90,0,88,385.1
5,3,25,219,5,123,3.90625,5,129,13,72,407
5,3,26,219,14,102,12.06896552,14,128,7,70,428.9
5,3,27,165,88,0,100,0,96,0,69,445.4
5,3,28,160,107,0,100,0,117,11,32,461.4
5,3,29,163,46,19,70.76923077,46,31,37,49,477.7
5,3,30,164,0,113,0,0,132,0,32,494.1
5,3,31,229,115,0,100,0,121,0,108,517
5,3,32,163,74,16,82.22222222,16,74,0,73,533.3
5,3,33,213,0,102,0,0,102,0,111,554.6
5,3,34,220,40,47,45.97701149,40,74,34,72,576.6
5,3,35,156,100,0,100,0,126,0,30,592.2
5,3,36,218,92,1,98.92473118,8,100,8,102,614
5,3,37,160,0,110,0,0,111,0,49,630
5,3,38,163,0,36,0,0,36,0,127,646.3
5,3,39,197,68,0,100,0,88,0,109,666
5,3,40,218,108,0,100,0,123,0,95,687.8
6,1,1,218,144,0,100,154,4,0,60,21.7
6,1,2,196,0,115,0,14,115,0,67,41.3
6,1,3,172,81,0,100,0,101,0,71,58.5
6,1,4,172,136,0,100,0,162,10,0,75.7
6,1,5,162,0,121,0,0,129,0,33,91.9
6,1,6,177,7,121,5.46875,7,134,5,31,109.6
6,1,7,159,126,0,100,0,145,7,7,125.5
6,1,8,160,119,1,99.16666667,1,136,0,23,141.5
6,1,9,160,15,101,12.93103448,21,101,14,24,157.5
6,1,10,155,9,87,9.375,9,113,1,32,173
6,1,11,199,83,5,94.31818182,5,83,17,94,192.9
6,1,12,177,110,0,100,0,134,18,25,210.6
6,1,13,152,0,125,0,15,132,4,1,225.8
6,1,14,551,7,194,3.482587065,7,211,15,318,280.9
6,1,15,252,204,0,100,0,227,2,23,306.1
6,1,16,156,130,0,100,0,156,0,0,321.7
6,1,17,157,0,127,0,4,145,7,1,337.4
6,1,18,404,23,74,23.71134021,29,92,31,252,377.8
6,1,19,210,72,11,86.74698795,14,85,14,97,398.8
6,1,20,150,117,0,100,0,144,6,0,413.8
6,1,21,156,0,130,0,0,156,0,0,429.4
6,1,22,154,0,114,0,0,140,10,4,444.8
6,1,23,260,53,14,79.10447761,14,79,18,149,470.8
6,1,24,170,99,0,100,0,117,12,41,487.8
6,1,25,156,0,130,0,11,131,14,0,503.4
6,1,26,149,23,85,21.2962963,23,111,3,12,518.3
6,1,27,155,115,0,100,3,138,7,7,533.8
6,1,28,159,121,0,100,9,133,4,13,549.7
6,1,29,153,0,124,0,5,145,3,0,565
6,1,30,155,0,125,0,0,137,12,6,580.5
6,1,31,216,84,0,100,0,91,1,124,602.1
6,1,32,301,252,0,100,0,252,0,49,632.2
6,1,33,158,0,109,0,0,136,0,22,648
6,1,34,465,0,424,0,0,432,0,33,694.5
6,1,35,181,143,0,100,0,167,0,14,712.6
6,1,36,215,111,33,77.08333333,33,137,5,40,734.1
6,1,37,164,0,114,0,0,141,4,19,750.5
6,1,38,157,0,131,0,5,137,4,11,766.2
6,1,39,156,130,0,100,0,156,0,0,781.8
6,1,40,157,123,0,100,0,129,8,20,797.5
6,2,1,227,10,62,13.88888889,10,62,0,155,22.6
6,2,2,391,19,87,17.9245283,19,87,7,278,61.7
6,2,3,152,50,74,40.32258065,77,69,0,6,76.9
6,2,4,150,90,26,77.5862069,37,103,0,10,91.9
6,2,5,149,73,35,67.59259259,82,52,7,8,106.8
6,2,6,158,100,3,97.08737864,100,14,38,6,122.6
6,2,7,156,52,38,57.77777778,38,52,56,10,138.2
6,2,8,154,0,53,0,58,3,25,68,153.6
6,2,9,571,45,36,55.55555556,45,36,11,479,210.7
6,2,10,195,0,56,0,4,62,0,129,230.2
6,2,11,176,4,75,5.063291139,75,4,16,81,247.8
6,2,12,151,16,70,18.60465116,72,23,11,45,262.9
6,2,13,176,66,0,100,66,0,0,110,280.5
6,2,14,152,88,0,100,88,0,4,60,295.7
6,2,15,152,12,57,17.39130435,72,17,12,51,310.9
6,2,16,155,50,74,40.32258065,88,50,16,1,326.4
6,2,17,153,39,65,37.5,51,65,20,17,341.7
6,2,18,153,31,23,57.40740741,37,26,22,68,357
6,2,19,154,115,0,100,0,115,0,39,372.4
6,2,20,149,48,43,52.74725275,43,75,0,31,387.3
6,2,21,149,81,14,85.26315789,95,25,25,4,402.2
6,2,22,156,27,43,38.57142857,27,43,22,64,417.8
6,2,23,152,13,53,19.6969697,53,13,15,71,433
6,2,24,163,59,24,71.08433735,24,61,25,53,449.3
6,2,25,153,62,31,66.66666667,74,31,18,30,464.6
6,2,26,154,21,58,26.58227848,32,68,11,43,480
6,2,27,153,46,17,73.01587302,21,55,21,56,495.3
6,2,28,155,79,36,68.69565217,36,83,18,18,510.8
6,2,29,153,54,53,50.46728972,54,74,20,5,526.1
6,2,30,219,28,85,24.77876106,36,97,10,76,548
6,2,31,158,90,33,73.17073171,33,90,19,16,563.8
6,2,32,153,103,23,81.74603175,23,128,0,2,579.1
6,3,1,153,89,23,79.46428571,89,35,8,21,15.2
6,3,2,151,79,29,73.14814815,90,39,0,22,30.3
6,3,3,150,82,17,82.82828283,40,85,0,25,45.3
6,3,4,153,70,38,64.81481481,45,83,3,22,60.6
6,3,5,202,103,0,100,103,0,1,98,80.8
6,3,6,188,95,14,87.1559633,95,14,7,72,99.6
6,3,7,157,107,19,84.92063492,45,107,4,1,115.3
6,3,8,155,51,68,42.85714286,77,58,0,20,130.8
6,3,9,153,121,0,100,148,0,0,5,146.1
6,3,10,153,78,32,70.90909091,104,32,0,17,161.4
6,3,11,232,59,57,50.86206897,59,84,4,85,184.6
6,3,12,160,4,109,3.539823009,115,5,9,31,200.6
6,3,13,205,89,18,83.17757009,91,18,0,96,221.1
6,3,14,150,63,25,71.59090909,81,25,27,17,236.1
6,3,15,166,50,14,78.125,14,50,19,83,252.7
6,3,16,179,60,19,75.94936709,19,60,0,100,270.6
6,3,17,162,33,4,89.18918919,33,4,0,125,286.8
6,3,18,399,92,24,79.31034483,92,24,6,277,326.7
6,3,19,149,80,8,90.90909091,18,89,16,26,341.6
6,3,20,156,46,13,77.96610169,13,50,15,78,357.2
6,3,21,152,56,19,74.66666667,56,19,22,55,372.4
6,3,22,393,27,42,39.13043478,27,42,0,324,411.7
6,3,23,160,77,26,74.75728155,36,77,0,47,427.7
6,3,24,197,54,35,60.6741573,43,65,17,72,447.4
7,1,1,216,11,149,6.875,26,152,0,38,21.5
7,1,2,162,0,135,0,0,162,0,0,37.7
7,1,3,147,115,6,95.04132231,7,136,4,0,52.4
7,1,4,153,74,0,100,0,79,0,74,67.7
7,1,5,154,0,127,0,0,153,0,1,83.1
7,1,6,158,0,132,0,0,158,0,0,98.9
7,1,7,154,127,0,100,0,154,0,0,114.3
7,1,8,152,126,0,100,0,152,0,0,129.5
7,1,9,150,0,124,0,0,150,0,0,144.5
7,1,10,152,0,126,0,0,152,0,0,159.7
7,1,11,152,103,0,100,0,129,0,23,174.9
7,1,12,157,123,0,100,0,138,0,19,190.6
7,1,13,155,0,127,0,0,147,8,0,206.1
7,1,14,160,0,61,0,0,87,0,73,222.1
7,1,15,400,7,34,17.07317073,34,7,11,348,262.1
7,1,16,1439,104,3,97.19626168,3,104,2,1330,406
7,1,17,152,0,126,0,0,143,0,9,421.2
7,1,18,375,0,120,0,0,134,2,239,458.7
7,1,19,327,123,0,100,0,142,0,185,491.4
7,1,20,149,86,12,87.75510204,12,112,7,18,506.3
7,1,21,155,12,36,25,12,36,5,102,521.8
7,1,22,170,0,144,0,6,157,0,7,538.8
7,1,23,154,119,0,100,0,145,0,9,554.2
7,1,24,273,102,12,89.47368421,12,102,0,159,581.5
7,1,25,435,0,82,0,0,91,7,337,625
7,1,26,147,0,101,0,6,118,10,13,639.7
7,1,27,152,0,11,0,13,20,2,117,654.9
7,1,28,171,86,27,76.10619469,27,86,0,58,672
7,1,29,160,0,130,0,0,157,0,3,688
7,1,30,152,0,126,0,0,152,0,0,703.2
7,1,31,155,128,0,100,0,155,0,0,718.7
7,1,32,154,128,0,100,0,154,0,0,734.1
7,1,33,153,0,124,0,0,150,0,3,749.4
7,1,34,150,0,124,0,0,147,0,3,764.4
7,1,35,225,119,0,100,0,140,0,85,786.9
7,1,36,151,115,0,100,0,140,4,7,802
7,1,37,147,0,46,0,0,72,11,64,816.7
7,1,38,155,12,17,41.37931034,12,22,7,114,832.2
7,2,1,184,3,91,3.191489362,4,99,0,81,18.3
7,2,2,149,71,46,60.68376068,99,46,0,4,33.2
7,2,3,154,121,0,100,0,148,0,6,48.6
7,2,4,154,112,5,95.72649573,5,139,10,0,64
7,2,5,152,0,111,0,6,132,0,14,79.2
7,2,6,152,117,0,100,131,13,0,8,94.4
7,2,7,164,11,107,9.322033898,108,11,0,45,110.8
7,2,8,151,0,111,0,112,26,0,13,125.9
7,2,9,152,116,1,99.14529915,120,5,10,17,141.1
7,2,10,153,104,0,100,106,22,0,25,156.4
7,2,11,194,81,23,77.88461538,32,81,14,67,175.8
7,2,12,206,35,7,83.33333333,7,35,0,164,196.4
7,2,13,319,8,31,20.51282051,8,31,0,280,228.3
7,2,14,184,4,12,25,4,12,5,163,246.7
7,2,15,207,0,7, ,7,0,1,199,267.4
7,2,16,285,1,5, ,16,1,13,255,295.9
7,2,17,274,7,13,35,7,13,0,254,323.3
7,2,18,192,10,0,100,10,0,8,174,342.5
7,2,19,359,1,49,2,49,1,6,303,378.4
7,2,20,199,15,0,100,0,15,0,184,398.3
7,2,21,301,6,2, ,6,2,1,292,428.4
7,2,22,153,7,0, ,7,0,6,140,443.7
7,2,23,234,5,30,14.28571429,30,5,0,199,467.1
7,2,24,156,8,96,7.692307692,96,25,6,29,482.7
7,2,25,160,21,7,75,37,7,8,108,498.7
7,2,26,221,0,21,0,0,21,8,192,520.8
7,2,27,191,0,28,0,28,0,2,161,539.9
7,2,28,596,0,29,0,29,0,0,567,599.5
7,2,29,358,18,0,100,31,0,0,327,635.3
7,2,30,167,16,5,76.19047619,16,5,13,133,652
7,2,31,299,5,28,15.15151515,28,5,4,262,681.9
7,2,32,376,0,31,0,31,0,10,335,719.5
7,2,33,321,22,7,75.86206897,22,7,12,280,751.6
7,2,34,200,46,2,95.83333333,47,2,2,149,771.6
7,2,35,159,32,18,64,20,32,10,97,787.5
7,2,36,179,49,0,100,0,49,2,128,805.4
7,2,37,161,0,27,0,6,27,10,118,821.5
7,2,38,160,0,82,0,0,82,9,69,837.5
7,2,39,152,28,0,100,0,48,7,97,852.7
7,2,40,156,17,11,60.71428571,11,24,11,110,868.3
7,3,1,152,0,124,0,0,152,0,0,15.1
7,3,2,150,0,123,0,0,150,0,0,30.1
7,3,3,152,110,0,100,0,137,15,0,45.3
7,3,4,148,122,0,100,0,127,21,0,60.1
7,3,5,150,0,123,0,0,150,0,0,75.1
7,3,6,153,118,1,99.15966387,118,28,7,0,90.4
7,3,7,151,0,124,0,151,0,0,0,105.5
7,3,8,152,0,125,0,152,0,0,0,120.7
7,3,9,148,116,0,100,131,0,13,4,135.5
7,3,10,151,93,9,91.17647059,120,9,0,22,150.6
7,3,11,148,116,0,100,0,139,0,9,165.4
7,3,12,151,93,0,100,0,113,35,3,180.5
7,3,13,154,0,128,0,0,141,13,0,195.9
7,3,14,150,0,117,0,0,131,19,0,210.9
7,3,15,151,117,0,100,0,141,10,0,226
7,3,16,153,111,6,94.87179487,6,132,14,1,241.3
7,3,17,146,0,119,0,11,135,0,0,255.9
7,3,18,150,106,5,95.4954955,117,18,13,2,270.9
7,3,19,150,113,0,100,0,137,12,1,285.9
7,3,20,151,97,9,91.50943396,17,107,11,16,301
7,3,21,257,112,2,98.24561404,112,2,0,143,326.7
7,3,22,158,1,116,0.854700855,9,126,1,22,342.5
7,3,23,151,117,0,100,11,125,15,0,357.6
7,3,24,165,1,116,0.854700855,116,11,16,22,374.1
7,3,25,150,80,0,100,99,0,0,51,389.1
7,3,26,536,119,0,100,119,0,0,417,442.7
7,3,27,154,0,124,0,149,0,0,5,458.1
7,3,28,151,14,109,11.38211382,124,14,0,13,473.2
7,3,29,154,80,39,67.22689076,80,65,8,1,488.6
7,3,30,197,0,4, ,16,4,0,177,508.3
7,3,31,506,1,98,1.01010101,98,1,0,407,558.9
7,3,32,152,8,112,6.666666667,123,24,0,5,574.1
7,3,33,164,0,1, ,22,1,17,124,590.5
7,3,34,262,66,4,94.28571429,66,4,0,192,616.7
7,3,35,244,61,4,93.84615385,4,61,0,179,641.1
7,3,36,163,13,83,13.54166667,83,13,3,64,657.4
7,3,37,150,76,0,100,96,3,3,48,672.4
7,3,38,151,121,0,100,133,0,2,16,687.5
7,3,39,317,0,113,0,114,1,0,202,719.2
7,3,40,205,1,122,0.81300813,122,1,2,80,739.7
8,1,1,162,36,92,28.125,42,105,7,8,16.1
8,1,2,158,0,120,0,0,142,8,8,31.9
8,1,3,157,109,14,88.61788618,26,116,0,15,47.6
8,1,4,156,121,0,100,0,147,0,9,63.2
8,1,5,178,23,87,20.90909091,23,104,1,50,81
8,1,6,156,3,113,2.586206897,3,139,11,3,96.6
8,1,7,165,104,0,100,0,107,0,58,113.1
8,1,8,173,112,0,100,0,112,17,44,130.4
8,1,9,162,0,0, ,0,15,16,131,146.6
8,1,10,161,34,62,35.41666667,34,62,7,58,162.7
8,1,11,171,75,12,86.20689655,19,81,10,61,179.8
8,1,12,720,31,14,68.88888889,14,56,20,630,251.8
8,1,13,276,0,9, ,0,9,13,254,279.4
8,1,14,212,6,21,22.22222222,6,21,3,182,300.6
8,1,15,551,5,22,18.51851852,22,5,9,515,355.7
8,1,16,166,0,24,0,24,0,7,135,372.3
8,1,17,1503,38,10,79.16666667,38,10,13,1442,522.6
8,1,18,178,24,0,100,24,0,2,152,540.4
8,1,19,162,32,26,55.17241379,26,32,7,97,556.6
8,1,20,176,6,19,24,19,6,29,122,574.2
8,1,21,154,51,0,100,51,0,15,88,589.6
8,1,22,155,56,60,48.27586207,68,67,14,6,605.1
8,1,23,292,48,17,73.84615385,17,73,14,188,634.3
8,1,24,385,0,9, ,9,0,7,369,672.8
8,1,25,856,0,20,0,0,20,0,836,758.4
8,1,26,480,10,5,66.66666667,10,5,0,465,806.4
8,1,27,163,7,3,70,3,13,0,147,822.7
8,1,28,173,32,0,100,8,32,6,127,840
8,1,29,233,10,27,27.02702703,17,27,2,187,863.3
8,1,30,398,3,10,23.07692308,3,10,20,365,903.1
8,2,1,186,29,42,40.84507042,29,42,3,112,18.5
8,2,2,157,36,18,66.66666667,36,18,7,96,34.2
8,2,3,166,26,63,29.21348315,85,26,8,47,50.8
8,2,4,153,6,40,13.04347826,46,10,27,70,66.1
8,2,5,153,62,9,87.32394366,71,9,0,73,81.4
8,2,6,154,96,7,93.2038835,96,7,0,51,96.8
8,2,7,149,7,50,12.28070175,61,7,6,75,111.7
8,2,8,162,23,43,34.84848485,43,29,9,81,127.9
8,2,9,162,70,25,73.68421053,82,30,6,44,144.1
8,2,10,160,62,0,100,69,0,0,91,160.1
8,2,11,152,11,58,15.94202899,64,11,4,73,175.3
8,2,12,152,0,26,0,26,1,23,102,190.5
8,2,13,154,56,5,91.80327869,56,5,3,90,205.9
8,2,14,150,80,4,95.23809524,105,5,24,16,220.9
8,2,15,150,0,112,0,139,0,0,11,235.9
8,2,16,149,0,62,0,68,0,0,81,250.8
8,2,17,153,46,0,100,51,0,1,101,266.1
8,2,18,151,77,0,100,82,0,0,69,281.2
8,2,19,158,8,39,17.0212766,44,8,5,101,297
8,2,20,166,21,71,22.82608696,90,21,9,46,313.6
8,2,21,149,112,0,100,134,0,3,12,328.5
8,2,22,152,43,0,100,66,0,4,82,343.7
8,2,23,153,0,24,0,35,0,3,115,359
8,2,24,178,34,56,37.77777778,56,34,15,73,376.8
8,2,25,151,89,0,100,89,5,3,54,391.9
8,2,26,165,84,11,88.42105263,89,11,3,62,408.4
8,2,27,147,45,25,64.28571429,45,45,3,54,423.1
8,2,28,156,15,50,23.07692308,50,38,0,68,438.7
8,2,29,158,44,8,84.61538462,51,8,1,98,454.5
8,2,30,202,50,0,100,50,0,3,149,474.7
8,2,31,153,0,47,0,62,5,26,60,490
8,2,32,214,0,67,0,67,0,0,147,511.4
8,2,33,149,64,29,68.8172043,80,31,12,26,526.3
8,2,34,151,42,20,67.74193548,54,29,23,45,541.4
8,2,35,177,19,30,38.7755102,42,19,2,114,559.1
8,2,36,162,18,10,64.28571429,18,18,4,122,575.3
8,2,37,150,52,7,88.13559322,52,10,16,72,590.3
8,2,38,163,45,52,46.39175258,47,56,0,60,606.6
8,2,39,163,44,54,44.89795918,55,46,11,51,622.9
8,2,40,166,43,10,81.13207547,10,47,7,102,639.5
8,3,1,161,52,61,46.01769912,57,67,12,25,16
8,3,2,150,57,49,53.77358491,64,54,10,22,31
8,3,3,157,27,66,29.03225806,73,29,0,55,46.7
8,3,4,159,0,116,0,120,3,10,26,62.6
8,3,5,152,64,0,100,64,0,0,88,77.8
8,3,6,165,36,79,31.30434783,36,79,3,47,94.3
8,3,7,153,48,47,50.52631579,71,48,26,8,109.6
8,3,8,150,2,99,1.98019802,101,11,13,25,124.6
8,3,9,154,36,55,39.56043956,50,61,16,27,140
8,3,10,154,38,47,44.70588235,44,47,14,49,155.4
8,3,11,153,24,92,20.68965517,107,35,1,10,170.7
8,3,12,178,11,64,14.66666667,79,11,16,72,188.5
8,3,13,186,27,97,21.77419355,32,98,3,53,207.1
8,3,14,306,77,8,90.58823529,77,29,25,175,237.7
8,3,15,150,0,79,0,86,0,3,61,252.7
8,3,16,154,27,93,22.5,93,27,0,34,268.1
8,3,17,150,117,0,100,144,0,0,6,283.1
8,3,18,148,58,19,75.32467532,65,19,19,45,297.9
8,3,19,152,59,42,58.41584158,53,59,18,22,313.1
8,3,20,157,35,67,34.31372549,90,35,18,14,328.8
8,3,21,163,49,33,59.75609756,61,46,5,51,345.1
8,3,22,160,95,9,91.34615385,109,12,4,35,361.1
8,3,23,157,101,25,80.15873016,25,107,1,24,376.8
8,3,24,174,27,67,28.72340426,72,27,25,50,394.2
8,3,25,189,74,32,69.81132075,74,34,35,46,413.1
8,3,26,256,8,0, ,8,0,0,248,438.7
8,3,27,458,0,124,0,124,0,0,334,484.5
8,3,28,154,0,103,0,130,0,0,24,499.9
8,3,29,304,258,9,96.62921348,259,9,0,36,530.3
8,3,30,194,157,0,100,175,0,0,19,549.7
8,3,31,222,0,59,0,62,0,17,143,571.9
8,3,32,230,0,158,0,158,0,0,72,594.9
8,3,33,151,108,0,100,128,0,0,23,610
8,3,34,154,101,15,87.06896552,128,15,4,7,625.4
8,3,35,151,124,0,100,0,151,0,0,640.5
8,3,36,151,0,69,0,84,6,0,61,655.6
8,3,37,163,39,0,100,39,0,0,124,671.9
8,3,38,249,59,12,83.09859155,59,14,3,173,696.8
8,3,39,149,108,8,93.10344828,20,121,2,6,711.7
8,3,40,203,141,25,84.93975904,25,168,1,9,732
9,1,1,152,14,0,100,17,0,0,135,15.1
9,1,2,162,55,0,100,59,0,0,103,31.3
9,1,3,155,0,93,0,119,0,0,36,46.8
9,1,4,159,0,118,0,142,0,3,14,62.7
9,1,5,986,9,239,3.629032258,15,242,52,677,161.3
9,1,6,388,0,124,0,0,124,0,264,200.1
9,1,7,153,126,0,100,0,153,0,0,215.4
9,1,8,221,40,12,76.92307692,12,51,11,147,237.5
9,1,9,270,4,130,2.985074627,16,130,1,123,264.5
9,1,10,267,12,82,12.76595745,17,82,57,111,291.2
9,1,11,161,53,0,100,0,53,28,80,307.3
9,1,12,285,0,134,0,134,0,0,151,335.8
9,1,13,153,22,0,100,49,0,0,104,351.1
9,1,14,389,126,0,100,126,0,0,263,390
9,1,15,148,0,68,0,95,0,0,53,404.8
9,1,16,150,0,86,0,98,0,6,46,419.8
9,1,17,215,127,0,100,127,0,0,88,441.3
9,1,18,354,83,28,74.77477477,83,28,17,226,476.7
9,1,19,389,5,38,11.62790698,38,5,8,338,515.6
9,1,20,166,0,0, ,0,0,22,144,532.2
9,1,21,485,119,0,100,119,7,0,359,580.7
9,1,22,161,16,7,69.56521739,43,7,4,107,596.8
9,2,1,159,118,0,100,123,0,0,36,15.8
9,2,2,164,131,0,100,140,0,0,24,32.2
9,2,3,344,0,128,0,129,0,0,215,66.6
9,2,4,154,0,126,0,154,0,0,0,82
9,2,5,152,120,0,100,146,0,0,6,97.2
9,2,6,156,121,0,100,136,0,12,8,112.8
9,2,7,153,0,127,0,152,0,0,1,128.1
9,2,8,153,0,126,0,153,0,0,0,143.4
9,2,9,149,123,0,100,149,0,0,0,158.3
9,2,10,153,126,0,100,150,0,0,3,173.6
9,2,11,151,0,125,0,151,0,0,0,188.7
9,2,12,154,0,126,0,152,0,0,2,204.1
9,2,13,154,117,0,100,121,0,0,33,219.5
9,2,14,151,113,0,100,113,0,0,38,234.6
9,2,15,153,0,126,0,152,0,0,1,249.9
9,2,16,161,0,131,0,154,0,0,7,266
9,2,17,150,122,0,100,148,0,0,2,281
9,2,18,147,117,0,100,128,0,0,19,295.7
9,2,19,172,0,127,0,139,0,0,33,312.9
9,2,20,147,0,82,0,102,6,0,39,327.6
9,2,21,155,121,0,100,128,0,3,24,343.1
9,2,22,153,127,0,100,150,0,0,3,358.4
9,2,23,152,0,124,0,150,0,0,2,373.6
9,2,24,160,0,116,0,137,0,0,23,389.6
9,2,25,152,93,0,100,102,0,0,50,404.8
9,2,26,348,82,0,100,82,0,0,266,439.6
9,2,27,165,1,119,0.833333333,129,10,0,26,456.1
9,2,28,158,0,53,0,79,0,0,79,471.9
9,2,29,150,101,0,100,127,0,0,23,486.9
9,2,30,150,114,0,100,134,0,0,16,501.9
9,2,31,158,0,119,0,138,0,0,20,517.7
9,2,32,154,0,125,0,125,0,0,29,533.1
9,2,33,151,118,0,100,140,0,0,11,548.2
9,2,34,164,96,0,100,107,0,0,57,564.6
9,2,35,182,0,91,0,109,0,0,73,582.8
9,2,36,168,0,122,0,129,0,0,39,599.6
9,2,37,148,111,0,100,133,0,0,15,614.4
9,2,38,169,0,108,0,7,108,0,54,631.3
9,2,39,171,99,2,98.01980198,2,105,11,53,648.4
9,2,40,165,0,121,0,121,1,0,43,664.9
9,3,1,1562,0,34,0,0,34,11,1517,156.1
9,3,2,784,0,98,0,0,98,0,686,234.5
9,3,3,549,132,0,100,0,132,0,417,289.4
9,3,4,147,120,0,100,0,147,0,0,304.1
9,3,5,152,0,122,0,0,149,0,3,319.3
9,3,6,150,0,122,0,0,150,0,0,334.3
9,3,7,151,117,0,100,0,138,6,7,349.4
9,3,8,151,123,0,100,0,151,0,0,364.5
9,3,9,151,0,119,0,0,146,0,5,379.6
9,3,10,2465,13,0,100,13,15,0,2437,626.1
9,3,11,707,109,0,100,0,109,9,589,696.8
9,3,12,150,123,0,100,0,139,0,11,711.8
9,3,13,186,0,116,0,0,126,0,60,730.4
9,3,14,186,0,64,0,0,64,0,122,749
9,3,15,163,130,0,100,0,130,0,33,765.3
9,3,16,150,123,0,100,0,150,0,0,780.3
9,3,17,150,0,86,0,0,113,0,37,795.3
9,3,18,286,67,37,64.42307692,67,48,0,171,823.9
9,3,19,159,112,0,100,0,112,8,39,839.8
9,3,20,151,124,0,100,0,151,0,0,854.9
10,1,1,160,34,23,59.64912281,35,23,0,102,15.9
10,1,2,154,5,80,5.882352941,12,85,0,57,31.3
10,1,3,161,64,24,72.72727273,24,79,7,51,47.4
10,1,4,255,89,16,84.76190476,16,89,0,150,72.9
10,1,5,645,290,19,93.85113269,298,23,32,292,137.4
10,1,6,155,128,0,100,155,0,0,0,152.9
10,1,7,151,0,123,0,151,0,0,0,168
10,1,8,150,0,122,0,150,0,0,0,183
10,1,9,154,124,0,100,151,0,0,3,198.4
10,1,10,161,125,6,95.41984733,148,9,0,4,214.5
10,1,11,150,0,123,0,150,0,0,0,229.5
10,1,12,152,0,125,0,152,0,0,0,244.7
10,1,13,151,124,0,100,151,0,0,0,259.8
10,1,14,152,125,0,100,152,0,0,0,275
10,1,15,154,0,125,0,152,0,0,2,290.4
10,1,16,155,0,109,0,125,0,0,30,305.9
10,1,17,152,126,0,100,152,0,0,0,321.1
10,1,18,153,126,0,100,153,0,0,0,336.4
10,1,19,152,0,124,0,149,0,0,3,351.6
10,1,20,152,0,125,0,152,0,0,0,366.8
10,1,21,150,118,0,100,145,0,0,5,381.8
10,1,22,329,124,0,100,124,0,14,191,414.7
10,1,23,151,0,124,0,151,0,0,0,429.8
10,1,24,152,0,119,0,134,0,0,18,445
10,1,25,165,122,0,100,128,0,0,37,461.5
10,1,26,149,122,0,100,149,0,0,0,476.4
10,1,27,154,0,127,0,154,0,0,0,491.8
10,1,28,152,0,125,0,152,0,0,0,507
10,2,1,188,137,22,86.16352201,142,46,0,0,18.7
10,2,2,170,62,58,51.66666667,79,63,19,9,35.7
10,2,3,162,84,40,67.74193548,56,84,14,8,51.9
10,2,4,194,103,54,65.60509554,58,121,4,11,71.3
10,2,5,157,12,113,9.6,16,127,8,6,87
10,2,6,178,0,144,0,9,154,12,3,104.8
10,2,7,165,133,0,100,0,146,16,3,121.3
10,2,8,160,79,27,74.52830189,27,95,25,13,137.3
10,2,9,180,0,152,0,12,159,6,3,155.3
10,2,10,171,74,45,62.18487395,79,67,13,12,172.4
10,2,11,362,110,133,45.26748971,141,113,77,31,208.6
10,2,12,224,0,190,0,215,0,6,3,231
10,3,1,185,0,143,0,0,169,0,16,18.4
10,3,2,156,0,105,0,0,131,0,25,34
10,3,3,158,112,0,100,0,112,0,46,49.8
10,3,4,144,98,0,100,0,123,0,21,64.2
10,3,5,154,0,63,0,0,74,0,80,79.6
10,3,6,278,50,44,53.19148936,50,44,0,184,107.4
10,3,7,178,104,3,97.19626168,12,104,4,58,125.2
10,3,8,151,115,0,100,0,129,6,16,140.3
10,3,9,149,0,109,0,0,131,0,18,155.2
10,3,10,148,0,122,0,0,138,0,10,170
10,3,11,145,114,0,100,0,141,0,4,184.5
10,3,12,146,118,0,100,0,144,0,2,199.1
10,3,13,149,0,122,0,0,149,0,0,214
10,3,14,146,0,120,0,0,145,0,1,228.6
10,3,15,149,0,107,0,115,14,0,20,243.5
10,3,16,154,128,0,100,4,150,0,0,258.9
10,3,17,149,21,59,26.25,22,74,25,28,273.8
10,3,18,147,12,73,14.11764706,12,87,37,11,288.5
10,3,19,148,98,15,86.72566372,34,106,8,0,303.3
10,3,20,147,117,0,100,0,143,0,4,318
10,3,21,151,1,116,0.854700855,1,143,3,4,333.1
10,3,22,148,105,0,100,128,0,0,20,347.9
10,3,23,148,108,3,97.2972973,26,108,4,10,362.7
10,3,24,149,39,0,100,0,41,74,34,377.6
11,1,1,184,13,87,13,13,87,13,71,18.3
11,1,2,149,15,78,16.12903226,38,83,14,14,33.2
11,1,3,153,52,3,94.54545455,8,61,3,81,48.5
11,1,4,374,0,82,0,82,0,5,287,85.9
11,1,5,171,63,28,69.23076923,74,28,3,66,103
11,1,6,217,38,0,100,41,0,6,170,124.7
11,1,7,203,65,45,59.09090909,47,65,11,80,145
11,1,8,213,43,9,82.69230769,10,43,0,160,166.3
11,1,9,154,44,15,74.57627119,51,15,2,86,181.7
11,1,10,172,62,35,63.91752577,71,35,28,38,198.9
11,1,11,179,20,7,74.07407407,13,26,13,127,216.8
11,1,12,190,18,36,33.33333333,36,29,9,116,235.8
11,1,13,315,71,22,76.34408602,75,25,4,211,267.3
11,1,14,154,19,44,30.15873016,27,44,5,78,282.7
11,1,15,172,32,14,69.56521739,15,35,8,114,299.9
11,1,16,160,13,15,46.42857143,18,16,0,126,315.9
11,1,17,171,16,22,42.10526316,16,28,20,107,333
11,1,18,154,41,25,62.12121212,49,28,13,64,348.4
11,1,19,163,37,17,68.51851852,24,43,16,80,364.7
11,1,20,152,54,11,83.07692308,18,69,16,49,379.9
11,1,21,159,100,6,94.33962264,101,11,7,40,395.8
11,1,22,153,53,49,51.96078431,69,60,3,21,411.1
11,1,23,156,76,46,62.29508197,47,86,4,19,426.7
11,1,24,162,71,52,57.72357724,58,81,9,14,442.9
11,1,25,151,91,11,89.21568627,99,21,0,31,458
11,1,26,149,17,94,15.31531532,23,106,8,12,472.9
11,1,27,156,87,7,92.55319149,13,95,0,48,488.5
11,1,28,150,56,60,48.27586207,63,74,0,13,503.5
11,1,29,173,38,50,43.18181818,46,51,17,59,520.8
11,1,30,156,62,38,62,74,41,21,20,536.4
11,1,31,157,61,60,50.41322314,72,68,4,13,552.1
11,1,32,155,0,107,0,122,10,6,17,567.6
11,1,33,151,45,25,64.28571429,62,30,8,51,582.7
11,1,34,157,19,70,21.34831461,26,75,20,36,598.4
11,1,35,175,35,78,30.97345133,78,45,0,52,615.9
11,1,36,151,11,97,10.18518519,117,13,8,13,631
11,1,37,157,99,0,100,118,3,5,31,646.7
11,1,38,151,96,0,100,107,0,21,23,661.8
11,1,39,155,0,66,0,83,0,6,66,677.3
11,1,40,167,40,9,81.63265306,9,40,6,112,694
11,2,1,166,17,36,32.0754717,17,36,10,103,16.5
11,2,2,341,35,0,100,35,13,4,289,50.6
11,2,3,230,56,8,87.5,8,56,0,166,73.6
11,2,4,143,16,19,45.71428571,25,20,4,94,87.9
11,2,5,173,62,8,88.57142857,72,8,0,93,105.2
11,2,6,295,75,9,89.28571429,75,9,9,202,134.7
11,2,7,298,0,121,0,121,0,0,177,164.5
11,2,8,212,33,65,33.67346939,91,33,1,87,185.7
11,2,9,691,0,68,0,0,68,0,623,254.8
11,2,10,344,0,21,0,0,21,0,323,289.2
11,2,11,197,0,9, ,9,0,0,188,308.9
11,2,12,190,40,0,100,0,40,0,150,327.9
11,2,13,295,4,18,18.18181818,4,18,7,266,357.4
11,2,14,144,0,21,0,6,25,6,107,371.8
11,2,15,147,68,8,89.47368421,22,74,0,51,386.5
11,2,16,151,56,39,58.94736842,39,56,12,44,401.6
11,2,17,148,69,16,81.17647059,76,22,4,46,416.4
11,2,18,153,15,53,22.05882353,18,60,4,71,431.7
11,2,19,149,17,11,60.71428571,36,17,0,96,446.6
11,2,20,180,47,0,100,0,47,9,124,464.6
11,2,21,150,0,108,0,0,117,0,33,479.6
11,2,22,215,55,34,61.79775281,55,38,0,122,501.1
11,2,23,149,84,7,92.30769231,7,101,0,41,516
11,2,24,150,67,0,100,0,67,1,82,531
11,2,25,164,39,53,42.39130435,53,65,7,39,547.4
11,2,26,153,71,32,68.93203883,97,32,0,24,562.7
11,2,27,181,58,5,92.06349206,11,70,3,97,580.8
11,2,28,160,62,12,83.78378378,24,62,9,65,596.8
11,2,29,163,74,62,54.41176471,100,62,0,1,613.1
11,2,30,153,68,53,56.19834711,81,53,0,19,628.4
11,2,31,159,54,18,75,18,54,3,84,644.3
11,2,32,156,18,77,18.94736842,77,26,4,49,659.9
11,2,33,159,94,5,94.94949495,104,14,4,37,675.8
11,2,34,207,117,0,100,126,0,5,76,696.5
11,2,35,151,0,124,0,151,0,0,0,711.6
11,2,36,152,0,126,0,152,0,0,0,726.8
11,2,37,150,122,0,100,148,0,2,0,741.8
11,2,38,156,11,38,22.44897959,31,41,6,78,757.4
11,2,39,159,5,7,41.66666667,7,5,0,147,773.3
11,2,40,197,115,0,100,0,115,0,82,793
11,3,1,245,29,66,30.52631579,29,66,7,143,24.4
11,3,2,216,35,18,66.03773585,35,18,6,157,46
11,3,3,187,1,66,1.492537313,82,8,3,94,64.7
11,3,4,151,1,49,2,54,6,22,69,79.8
11,3,5,150,45,24,65.2173913,47,30,6,67,94.8
11,3,6,149,21,21,50,28,26,3,92,109.7
11,3,7,150,51,28,64.55696203,49,51,11,39,124.7
11,3,8,151,1,18,5.263157895,30,13,14,94,139.8
11,3,9,185,35,2,94.59459459,43,6,10,126,158.3
11,3,10,152,0,47,0,1,47,14,90,173.5
11,3,11,155,11,5,68.75,5,11,8,131,189
11,3,12,449,0,14,0,14,0,1,434,233.9
11,3,13,229,30,3,90.90909091,30,3,4,192,256.8
11,3,14,177,7,12,36.84210526,7,12,3,155,274.5
11,3,15,161,6,9,40,11,6,0,144,290.6
11,3,16,414,11,16,40.74074074,16,11,5,382,332
11,3,17,437,25,0,100,25,0,4,408,375.7
11,3,18,299,6,0, ,6,0,2,291,405.6
11,3,19,243,0,9, ,9,0,0,234,429.9
11,3,20,159,0,4, ,4,0,0,155,445.8
11,3,21,151,62,54,53.44827586,62,54,0,35,460.9
11,3,22,155,119,0,100,146,0,0,9,476.4
11,3,23,153,34,86,28.33333333,112,34,5,2,491.7
11,3,24,148,0,117,0,143,0,0,5,506.5
11,3,25,150,123,0,100,150,0,0,0,521.5
11,3,26,157,123,0,100,149,0,0,8,537.2
11,3,27,152,0,103,0,130,0,3,19,552.4
11,3,28,149,0,104,0,131,0,0,18,567.3
11,3,29,237,42,55,43.29896907,42,55,1,139,591
11,3,30,165,41,36,53.24675325,43,41,3,78,607.5
11,3,31,177,36,10,78.26086957,16,49,3,109,625.2
11,3,32,153,120,7,94.48818898,33,120,0,0,640.5
12,1,1,201,97,14,87.38738739,97,14,7,83,20
12,1,2,172,97,41,70.28985507,113,41,13,5,37.2
12,1,3,195,57,98,36.77419355,98,82,4,11,56.7
12,1,4,166,4,104,3.703703704,125,7,5,29,73.3
12,1,5,168,113,8,93.38842975,118,8,1,41,90.1
12,1,6,180,142,3,97.93103448,142,3,0,35,108.1
12,1,7,173,5,122,3.937007874,122,6,1,44,125.4
12,1,8,164,0,105,0,110,0,5,49,141.8
12,1,9,174,130,0,100,130,0,0,44,159.2
12,1,10,161,68,14,82.92682927,89,14,4,54,175.3
12,1,11,166,19,88,17.75700935,114,19,0,33,191.9
12,1,12,458,167,22,88.35978836,22,167,28,241,237.7
12,1,13,160,72,42,63.15789474,72,42,7,39,253.7
12,1,14,167,116,0,100,121,4,11,31,270.4
12,1,15,240,167,21,88.82978723,31,173,5,31,294.4
12,1,16,171,121,21,85.21126761,29,133,0,9,311.5
12,1,17,165,133,0,100,134,4,3,24,328
12,1,18,166,139,0,100,166,0,0,0,344.6
12,1,19,170,0,139,0,164,0,0,6,361.6
12,1,20,160,0,126,0,153,0,0,7,377.6
12,1,21,226,123,6,95.34883721,125,10,10,81,400.2
12,1,22,162,124,0,100,142,0,0,20,416.4
12,1,23,159,0,128,0,143,0,0,16,432.3
12,1,24,156,0,121,0,148,0,0,8,447.9
12,1,25,155,123,0,100,147,0,0,8,463.4
12,1,26,172,117,0,100,132,0,2,38,480.6
12,1,27,165,0,130,0,145,0,14,6,497.1
12,1,28,165,0,113,0,138,0,0,27,513.6
12,1,29,177,151,0,100,170,0,5,2,531.3
12,1,30,184,75,46,61.98347107,91,48,28,17,549.7
12,1,31,163,4,108,3.571428571,135,4,22,2,566
12,1,32,166,0,91,0,100,3,9,54,582.6
12,1,33,166,129,0,100,149,0,0,17,599.2
12,1,34,241,139,0,100,148,3,0,90,623.3
12,1,35,160,0,121,0,144,0,0,16,639.3
12,1,36,166,0,133,0,148,0,5,13,655.9
12,1,37,163,136,0,100,161,0,0,2,672.2
12,1,38,169,109,0,100,135,0,0,34,689.1
12,1,39,179,0,124,0,150,0,2,27,707
12,1,40,265,72,55,56.69291339,81,72,6,106,733.5
12,2,1,157,96,0,100,101,6,1,49,15.6
12,2,2,153,85,4,95.50561798,91,4,0,58,30.9
12,2,3,154,0,77,0,84,1,0,69,46.3
12,2,4,181,23,92,20,103,23,3,52,64.4
12,2,5,146,37,46,44.57831325,37,72,0,37,79
12,2,6,161,114,0,100,115,0,0,46,95.1
12,2,7,170,0,53,0,69,0,0,101,112.1
12,2,8,147,49,63,43.75,63,73,0,11,126.8
12,2,9,161,19,72,20.87912088,19,72,9,61,142.9
12,2,10,150,68,51,57.14285714,87,52,0,11,157.9
12,2,11,150,2,74,2.631578947,74,8,30,38,172.9
12,2,12,151,15,72,17.24137931,84,15,0,52,188
12,2,13,156,57,40,58.7628866,57,40,0,59,203.6
12,2,14,212,124,0,100,130,0,0,82,224.8
12,2,15,176,10,47,17.54385965,65,10,17,84,242.4
12,2,16,150,21,50,29.57746479,50,34,1,65,257.4
12,2,17,149,26,40,39.39393939,30,49,24,46,272.3
12,2,18,162,31,23,57.40740741,31,28,4,99,288.5
12,2,19,158,7,38,15.55555556,41,20,27,70,304.3
12,2,20,147,46,44,51.11111111,44,57,2,44,319
12,2,21,148,113,0,100,119,0,16,13,333.8
12,2,22,147,89,14,86.40776699,107,14,0,26,348.5
12,2,23,151,61,37,62.24489796,44,65,16,26,363.6
12,2,24,147,15,11,57.69230769,18,19,16,94,378.3
12,2,25,147,91,0,100,95,0,3,49,393
12,2,26,149,110,0,100,135,0,0,14,407.9
12,2,27,152,21,94,18.26086957,116,21,5,10,423.1
12,2,28,151,43,57,43,70,50,5,26,438.2
12,2,29,153,46,48,48.93617021,63,48,0,42,453.5
12,2,30,157,74,0,100,77,3,0,77,469.2
12,2,31,151,84,26,76.36363636,51,84,1,15,484.3
12,2,32,156,34,49,40.96385542,70,38,21,27,499.9
12,2,33,154,93,10,90.29126214,108,10,1,35,515.3
12,2,34,153,90,10,90,106,10,13,24,530.6
12,2,35,153,15,23,39.47368421,34,15,7,97,545.9
12,3,1,159,44,82,34.92063492,44,82,0,33,15.8
12,3,2,151,0,109,0,24,112,0,15,30.9
12,3,3,148,94,8,92.15686275,8,94,0,46,45.7
12,3,4,147,83,20,80.58252427,20,100,24,3,60.4
12,3,5,147,72,34,67.9245283,72,52,20,3,75.1
12,3,6,182,54,24,69.23076923,54,31,44,53,93.3
12,3,7,147,110,0,100,0,110,34,3,108
12,3,8,147,107,0,100,0,124,18,5,122.7
12,3,9,164,12,86,12.24489796,18,89,25,32,139.1
12,3,10,146,80,24,76.92307692,80,33,23,10,153.7
12,3,11,147,96,0,100,9,102,20,16,168.4
12,3,12,147,92,0,100,0,103,9,35,183.1
12,3,13,147,37,68,35.23809524,37,92,7,11,197.8
12,3,14,146,40,73,35.39823009,50,78,4,14,212.4
12,3,15,147,78,8,90.69767442,8,100,6,33,227.1
12,3,16,170,55,0,100,0,74,0,96,244.1
12,3,17,190,0,87,0,0,87,0,103,263.1
12,3,18,145,85,23,78.7037037,85,27,2,31,277.6
12,3,19,146,100,0,100,5,112,10,19,292.2
12,3,20,151,91,0,100,0,109,0,42,307.3
12,3,21,148,53,40,56.98924731,53,55,0,40,322.1
12,3,22,150,82,26,75.92592593,82,26,0,42,337.1
12,3,23,148,87,0,100,0,114,0,34,351.9
12,3,24,222,54,0,100,0,65,0,157,374.1
12,3,25,148,0,50,0,0,71,0,77,388.9
12,3,26,174,0,69,0,0,69,0,105,406.3
12,3,27,554,77,0,100,0,90,5,459,461.7
12,3,28,200,43,8,84.31372549,8,43,0,149,481.7
12,3,29,149,0,61,0,0,61,0,88,496.6
12,3,30,150,14,28,33.33333333,14,49,0,87,511.6
12,3,31,148,59,17,77.63157895,25,68,4,51,526.4
12,3,32,160,54,0,100,11,55,7,87,542.4
12,3,33,147,0,68,0,0,94,1,52,557.1
12,3,34,151,67,4,94.36619718,67,5,4,75,572.2
12,3,35,152,4,39,9.302325581,39,4,0,109,587.4
13,1,1,1384,78,0,100,78,0,0,1306,138.3
13,1,2,431,2,0, ,2,0,0,429,181.4
13,1,3,198,0,12,0,12,0,11,175,201.2
13,1,4,377,1,51,1.923076923,55,1,5,316,238.9
13,1,5,175,42,0,100,42,0,0,133,256.4
13,1,6,131,42,0,100,61,0,0,70,269.5
13,1,7,173,7,26,21.21212121,31,7,15,120,286.8
13,1,8,158,0,50,0,50,0,0,108,302.6
13,1,9,158,69,0,100,76,0,0,82,318.4
13,1,10,126,68,0,100,79,0,0,47,331
13,1,11,131,0,85,0,97,0,10,24,344.1
13,1,12,195,0,79,0,106,0,2,87,363.6
13,1,13,217,92,0,100,92,0,3,122,385.3
13,1,14,130,104,0,100,130,0,0,0,398.3
13,1,15,131,0,105,0,131,0,0,0,411.4
13,1,16,130,0,103,0,130,0,0,0,424.4
13,1,17,129,102,0,100,129,0,0,0,437.3
13,1,18,130,103,0,100,130,0,0,0,450.3
13,1,19,127,0,100,0,109,0,4,14,463
13,1,20,146,0,26,0,45,0,0,101,477.6
13,1,21,176,101,0,100,101,0,0,75,495.2
13,1,22,130,97,0,100,124,0,0,6,508.2
13,1,23,133,0,19,0,31,0,0,102,521.5
13,1,24,135,0,97,0,99,0,0,36,535
13,1,25,189,100,0,100,104,0,0,85,553.9
13,1,26,130,96,0,100,106,0,0,24,566.9
13,1,27,153,0,79,0,85,0,3,65,582.2
13,1,28,130,0,22,0,28,0,0,102,595.2
13,1,29,129,96,0,100,100,0,0,29,608.1
13,1,30,125,96,0,100,123,0,0,2,620.6
13,1,31,333,0,8, ,8,0,0,325,653.9
13,1,32,324,0,0, ,2,0,0,322,686.3
13,1,33,141,9,0, ,9,0,0,132,700.4
13,1,34,155,91,0,100,109,0,0,46,715.9
13,1,35,182,0,5, ,16,0,0,166,734.1
13,1,36,151,8,22,26.66666667,22,8,2,119,749.2
13,1,37,128,95,6,94.05940594,122,6,0,0,762
13,1,38,192,105,0,100,120,3,0,69,781.2
13,1,39,126,0,99,0,101,0,0,25,793.8
13,1,40,135,0,88,0,96,0,0,39,807.3
13,2,1,128,0,89,0,5,106,5,12,12.7
13,2,2,297,0,96,0,0,96,0,201,42.4
13,2,3,130,103,0,100,0,126,4,0,55.4
13,2,4,128,100,0,100,0,122,0,6,68.2
13,2,5,133,0,105,0,0,129,4,0,81.5
13,2,6,129,11,89,11,11,114,3,1,94.4
13,2,7,129,36,60,37.5,87,36,6,0,107.3
13,2,8,127,100,0,100,6,117,0,4,120
13,2,9,131,0,101,0,0,121,10,0,133.1
13,2,10,130,13,87,13,16,103,11,0,146.1
13,2,11,131,97,7,93.26923077,15,115,1,0,159.2
13,2,12,129,55,41,57.29166667,50,72,7,0,172.1
13,2,13,129,83,0,100,94,16,9,10,185
13,2,14,128,60,0,100,76,4,14,34,197.8
13,2,15,130,0,103,0,130,0,0,0,210.8
13,2,16,126,5,94,5.050505051,97,17,12,0,223.4
13,2,17,142,98,0,100,119,0,9,14,237.6
13,2,18,128,98,1,98.98989899,122,2,2,2,250.4
13,2,19,130,58,41,58.58585859,46,58,24,2,263.4
13,2,20,128,52,12,81.25,23,65,2,38,276.2
13,2,21,137,12,63,16,12,63,0,62,289.9
13,2,22,127,7,51,12.06896552,22,63,0,42,302.6
13,2,23,126,30,39,43.47826087,45,30,19,32,315.2
13,2,24,134,62,37,62.62626263,45,62,4,23,328.6
13,2,25,130,40,53,43.01075269,49,68,12,1,341.6
13,2,26,127,19,39,32.75862069,30,55,7,35,354.3
13,2,27,128,28,69,28.86597938,95,28,0,5,367.1
13,2,28,143,0,85,0,85,0,5,53,381.4
13,2,29,128,0,102,0,2,126,0,0,394.2
13,2,30,127,0,100,0,5,109,10,3,406.9
13,2,31,133,103,0,100,0,130,0,3,420.2
13,2,32,126,78,18,81.25,18,89,8,11,432.8
13,2,33,126,10,70,12.5,22,78,8,18,445.4
13,2,34,129,0,102,0,0,129,0,0,458.3
13,2,35,132,105,0,100,0,132,0,0,471.5
13,2,36,129,11,80,12.08791209,80,11,8,30,484.4
13,2,37,148,35,18,66.03773585,39,33,0,76,499.2
13,2,38,128,80,21,79.20792079,93,24,2,9,512
13,2,39,147,25,30,45.45454545,56,25,0,66,526.7
13,2,40,240,53,39,57.60869565,39,53,0,148,550.7
13,3,1,128,50,28,64.1025641,59,31,17,21,12.7
13,3,2,143,84,0,100,97,0,0,46,27
13,3,3,130,9,85,9.574468085,103,13,12,2,40
13,3,4,200,96,24,80,51,96,2,51,60
13,3,5,127,60,32,65.2173913,74,44,8,1,72.7
13,3,6,130,58,0,100,61,0,0,69,85.7
13,3,7,128,13,41,24.07407407,43,21,33,31,98.5
13,3,8,127,5,62,7.462686567,66,13,18,30,111.2
13,3,9,263,71,64,52.59259259,71,68,13,111,137.5
13,3,10,154,0,17,0,2,17,15,120,152.9
13,3,11,368,58,39,59.79381443,39,58,3,268,189.7
13,3,12,177,69,24,74.19354839,50,69,0,58,207.4
13,3,13,131,90,0,100,110,0,14,7,220.5
13,3,14,146,43,11,79.62962963,43,11,0,92,235.1
13,3,15,160,0,5, ,31,0,16,113,251.1
13,3,16,150,64,18,78.04878049,18,70,1,61,266.1
13,3,17,143,33,41,44.59459459,50,41,5,47,280.4
13,3,18,130,104,0,100,127,0,0,3,293.4
13,3,19,131,0,63,0,90,0,0,41,306.5
13,3,20,138,23,21,52.27272727,23,23,6,86,320.3
13,3,21,143,66,0,100,79,0,2,62,334.6
13,3,22,124,12,5,70.58823529,27,5,0,92,347
13,3,23,161,0,66,0,91,0,0,70,363.1
13,3,24,131,16,40,28.57142857,67,16,2,46,376.2
13,3,25,130,57,1,98.27586207,73,1,3,53,389.2
13,3,26,166,34,3,91.89189189,38,3,0,125,405.8
13,3,27,173,0,36,0,52,0,0,121,423.1
13,3,28,164,0,35,0,35,0,0,129,439.5
13,3,29,162,50,0,100,50,0,0,112,455.7
13,3,30,168,48,0,100,50,0,0,118,472.5
13,3,31,222,0,42,0,42,0,0,180,494.7
13,3,32,191,3,30,9.090909091,43,3,1,144,513.8
14,1,1,1193,21,25,45.65217391,27,25,16,1125,119.2
14,1,2,314,9,0, ,15,21,0,278,150.6
14,1,3,138,50,2,96.15384615,2,50,6,80,164.4
14,1,4,150,19,8,70.37037037,8,19,0,123,179.4
14,1,5,264,1,0, ,7,0,13,244,205.8
14,1,6,241,18,60,23.07692308,18,60,12,151,229.9
14,1,7,129,33,0,100,11,39,4,75,242.8
14,1,8,502,25,35,41.66666667,35,25,5,437,293
14,1,9,127,49,37,56.97674419,61,44,22,0,305.7
14,1,10,128,30,64,31.91489362,35,71,13,9,318.5
14,1,11,128,33,45,42.30769231,47,37,23,21,331.3
14,1,12,128,37,11,77.08333333,16,51,4,57,344.1
14,1,13,527,61,29,67.77777778,61,29,16,421,396.8
14,1,14,132,32,35,47.76119403,38,47,9,38,410
14,1,15,465,28,54,34.14634146,54,28,9,374,456.5
14,1,16,132,0,18,0,22,9,6,95,469.7
14,1,17,130,0,51,0,0,51,0,79,482.7
14,1,18,136,55,40,57.89473684,55,40,1,40,496.3
14,1,19,135,78,18,81.25,40,78,3,14,509.8
14,1,20,213,3,20,13.04347826,20,21,5,167,531.1
14,1,21,194,0,0, ,0,0,7,187,550.5
14,1,22,174,47,0,100,52,10,6,106,567.9
14,1,23,131,9,29,23.68421053,29,9,0,93,581
14,1,24,135,0,77,0,77,0,0,58,594.5
14,1,25,130,96,0,100,107,0,0,23,607.5
14,1,26,235,42,0,100,42,0,0,193,631
14,1,27,225,17,35,32.69230769,35,17,7,166,653.5
14,1,28,162,13,43,23.21428571,43,13,1,105,669.7
14,1,29,152,52,0,100,52,0,0,100,684.9
14,1,30,130,25,20,55.55555556,25,20,20,65,697.9
14,1,31,127,0,48,0,52,0,27,48,710.6
14,1,32,129,0,63,0,63,0,0,66,723.5
14,1,33,128,97,0,100,97,0,0,31,736.3
14,1,34,129,71,0,100,99,0,0,30,749.2
14,1,35,134,10,36,21.73913043,36,10,6,82,762.6
14,1,36,128,0,43,0,50,0,3,75,775.4
14,1,37,131,0,53,0,0,53,5,73,788.5
14,1,38,197,104,0,100,104,0,4,89,808.2
14,1,39,161,0,88,0,97,10,34,20,824.3
14,1,40,128,0,52,0,76,0,0,52,837.1
14,2,1,164,16,64,20,16,64,5,79,16.3
14,2,2,138,59,39,60.20408163,59,39,0,40,30.1
14,2,3,196,42,52,44.68085106,53,42,6,95,49.7
14,2,4,145,27,38,41.53846154,45,28,0,72,64.2
14,2,5,126,19,30,38.7755102,35,42,7,42,76.8
14,2,6,143,0,30,0,13,30,1,99,91.1
14,2,7,154,7,0, ,0,7,0,147,106.5
14,2,8,210,15,0,100,0,15,0,195,127.5
14,2,9,940,22,66,25,22,66,31,821,221.5
14,2,10,217,13,83,13.54166667,17,83,0,117,243.2
14,2,11,124,12,0,100,6,18,13,87,255.6
14,2,12,753,16,5,76.19047619,5,16,8,724,330.9
14,2,13,400,31,0,100,31,0,0,369,370.9
14,2,14,582,5,69,6.756756757,5,69,4,504,429.1
14,2,15,131,36,2,94.73684211,2,36,0,93,442.2
14,2,16,179,33,4,89.18918919,4,33,1,141,460.1
14,2,17,256,4,12,25,12,17,3,224,485.7
14,2,18,225,0,95,0,0,95,1,129,508.2
14,2,19,129,52,17,75.36231884,17,75,3,34,521.1
14,2,20,124,28,0,100,0,49,0,75,533.5
14,2,21,133,0,45,0,0,45,2,86,546.8
14,2,22,131,0,32,0,0,32,0,99,559.9
14,2,23,223,65,1,98.48484848,5,71,6,141,582.2
14,2,24,167,64,5,92.75362319,5,66,0,96,598.9
14,2,25,148,3,49,5.769230769,11,65,0,72,613.7
14,2,26,129,22,14,61.11111111,22,16,0,91,626.6
14,2,27,177,19,0,100,3,19,6,149,644.3
14,2,28,216,0,0, ,8,14,0,194,665.9
14,2,29,389,0,88,0,0,88,12,289,704.8
14,2,30,129,5,43,10.41666667,12,51,2,64,717.7
14,2,31,129,93,8,92.07920792,8,120,1,0,730.6
14,2,32,128,101,0,100,0,128,0,0,743.4
14,2,33,125,4,95,4.04040404,4,117,4,0,755.9
14,2,34,124,2,58,3.333333333,15,66,0,43,768.3
14,2,35,128,73,5,93.58974359,5,81,0,42,781.1
14,2,36,127,92,4,95.83333333,25,98,3,1,793.8
14,2,37,268,101,7,93.51851852,101,23,51,93,820.6
14,2,38,129,95,0,100,116,0,0,13,833.5
14,2,39,160,95,15,86.36363636,43,95,22,0,849.5
14,2,40,128,100,0,100,0,122,0,6,862.3
14,3,1,131,32,68,32,32,87,1,11,13
14,3,2,192,61,27,69.31818182,61,37,0,94,32.2
14,3,3,129,42,3,93.33333333,11,51,0,67,45.1
14,3,4,142,0,34,0,34,0,0,108,59.3
14,3,5,133,36,0,100,36,0,0,97,72.6
14,3,6,262,39,0,100,39,0,2,221,98.8
14,3,7,144,0,91,0,91,0,3,50,113.2
14,3,8,272,0,24,0,29,0,0,243,140.4
14,3,9,158,66,0,100,66,0,3,89,156.2
14,3,10,202,49,0,100,58,0,0,144,176.4
14,3,11,132,56,19,74.66666667,40,60,0,32,189.6
14,3,12,126,12,10,54.54545455,24,16,3,83,202.2
14,3,13,131,58,0,100,68,3,29,31,215.3
14,3,14,226,68,0,100,81,0,0,145,237.9
14,3,15,133,13,75,14.77272727,92,13,9,19,251.2
14,3,16,137,31,26,54.38596491,30,31,0,76,264.9
14,3,17,133,60,0,100,68,7,16,42,278.2
14,3,18,171,50,0,100,54,0,7,110,295.3
14,3,19,138,2,30,6.25,38,2,5,93,309.1
14,3,20,136,3,6, ,8,3,0,125,322.7
14,3,21,166,74,0,100,87,0,4,75,339.3
14,3,22,129,22,2,91.66666667,25,2,0,102,352.2
14,3,23,356,34,43,44.15584416,43,34,0,279,387.8
14,3,24,172,26,30,46.42857143,30,26,5,111,405
14,3,25,170,52,23,69.33333333,52,34,9,75,422
14,3,26,278,4,108,3.571428571,14,121,5,138,449.8
14,3,27,326,16,9,64,9,29,2,286,482.4
14,3,28,345,0,59,0,59,0,21,265,516.9
14,3,29,167,50,3,94.33962264,52,3,0,112,533.6
14,3,30,155,31,0,100,31,0,3,121,549.1
14,3,31,206,0,19,0,19,0,0,187,569.7
14,3,32,131,35,33,51.47058824,33,35,0,63,582.8
14,3,33,177,45,0,100,53,0,0,124,600.5
14,3,34,148,13,6,68.42105263,13,6,25,104,615.3
14,3,35,162,0,18,0,18,0,0,144,631.5
14,3,36,300,10,16,38.46153846,16,10,3,271,661.5
14,3,37,749,6,16,27.27272727,8,16,5,720,736.4
14,3,38,578,81,0,100,81,0,0,497,794.2
14,3,39,192,28,4,87.5,4,28,2,158,813.4
14,3,40,130,26,19,57.77777778,23,33,0,74,826.4
15,1,1,247,49,50,49.49494949,54,56,19,118,24.6
15,1,2,326,54,5,91.52542373,63,5,9,249,57.2
15,1,3,177,0,97,0,97,0,3,77,74.9
15,1,4,131,0,89,0,112,0,9,10,88
15,1,5,131,83,0,100,106,0,1,24,101.1
15,1,6,239,7,94,6.930693069,26,94,24,95,125
15,1,7,128,55,45,55,60,56,8,4,137.8
15,1,8,128,0,90,0,111,0,9,8,150.6
15,1,9,127,74,0,100,101,0,5,21,163.3
15,1,10,129,103,0,100,126,0,0,3,176.2
15,1,11,131,99,0,100,17,99,14,1,189.3
15,1,12,132,0,92,0,98,18,15,1,202.5
15,1,13,129,100,0,100,112,11,5,1,215.4
15,1,14,130,51,48,51.51515152,75,48,4,3,228.4
15,1,15,362,0,84,0,96,13,13,240,264.6
15,1,16,310,0,88,0,112,0,8,190,295.6
15,1,17,132,102,0,100,119,0,0,13,308.8
15,1,18,130,0,98,0,26,98,6,0,321.8
15,1,19,107,0,10,0,18,12,8,69,332.5
15,2,1,142,58,29,66.66666667,58,36,12,36,14.1
15,2,2,125,32,0,100,45,3,0,77,26.6
15,2,3,325,0,48,0,62,0,0,263,59.1
15,2,4,147,12,41,22.64150943,58,12,0,77,73.8
15,2,5,223,29,0,100,29,0,3,191,96.1
15,2,6,159,67,0,100,67,0,6,86,112
15,2,7,130,28,64,30.43478261,74,32,3,21,125
15,2,8,196,2,62,3.125,70,4,12,110,144.6
15,2,9,228,59,17,77.63157895,59,19,4,146,167.4
15,2,10,125,42,5,89.36170213,43,5,22,55,179.9
15,2,11,152,0,27,0,27,7,80,38,195.1
15,2,12,204,0,48,0,57,0,3,144,215.5
15,2,13,128,28,0,100,28,0,5,95,228.3
15,2,14,137,65,3,95.58823529,65,3,0,69,242
15,2,15,131,22,47,31.88405797,50,30,9,42,255.1
15,2,16,198,44,26,62.85714286,26,60,7,105,274.9
15,2,17,160,44,21,67.69230769,48,32,2,78,290.9
15,2,18,241,27,1,96.42857143,42,1,2,196,315
15,2,19,188,93,0,100,0,101,6,81,333.8
15,2,20,128,52,17,75.36231884,17,59,22,30,346.6
15,2,21,328,24,45,34.7826087,24,45,0,259,379.4
15,2,22,127,0,6, ,18,9,0,100,392.1
15,2,23,208,24,9,72.72727273,9,24,17,158,412.9
15,2,24,146,34,0,100,0,46,5,95,427.5
15,2,25,134,0,54,0,0,54,18,62,440.9
15,2,26,130,7,89,7.291666667,13,102,4,11,453.9
15,2,27,128,98,0,100,6,113,5,4,466.7
15,2,28,124,89,0,100,0,116,0,8,479.1
15,2,29,137,0,94,0,0,115,0,22,492.8
15,2,30,131,0,93,0,0,113,1,17,505.9
15,2,31,129,80,0,100,0,99,5,25,518.8
15,2,32,199,25,0,100,0,25,0,174,538.7
15,2,33,229,19,42,31.14754098,19,46,11,153,561.6
15,2,34,220,1,19,5,1,19,3,197,583.6
15,2,35,167,28,0,100,3,34,5,125,600.3
15,2,36,319,19,2,90.47619048,2,30,11,276,632.2
15,2,37,170,14,54,20.58823529,14,54,15,87,649.2
15,2,38,126,4,59,6.349206349,21,64,9,32,661.8
15,2,39,284,78,0,100,0,91,0,193,690.2
15,2,40,219,69,0,100,0,69,0,150,712.1
15,3,1,150,16,81,16.49484536,16,101,0,33,14.9
15,3,2,172,7,74,8.641975309,21,79,0,72,32.1
15,3,3,133,106,0,100,0,132,0,1,45.4
15,3,4,138,60,4,93.75,4,87,0,47,59.2
15,3,5,245,12,35,25.53191489,12,35,0,198,83.7
15,3,6,168,7,38,15.55555556,7,38,3,120,100.5
15,3,7,153,95,5,95,13,106,9,25,115.8
15,3,8,262,78,0,100,0,92,3,167,142
15,3,9,474,10,95,9.523809524,10,95,20,349,189.4
15,3,10,173,46,23,66.66666667,46,23,19,85,206.7
15,3,11,138,8,33,19.51219512,33,8,28,69,220.5
15,3,12,169,7,19,26.92307692,19,7,14,129,237.4
15,3,13,875,0,61,0,0,61,12,802,324.9
15,3,14,126,15,0,100,21,0,0,105,337.5
15,3,15,125,0,17,0,26,0,12,87,350
15,3,16,125,18,0,100,8,18,3,96,362.5
16,1,1,158,0,130,0,0,158,0,0,15.7
16,1,2,148,1,96,1.030927835,10,114,4,20,30.5
16,1,3,132,102,0,100,3,117,9,3,43.7
16,1,4,132,105,0,100,0,132,0,0,56.9
16,1,5,134,0,107,0,0,128,0,6,70.3
16,1,6,130,5,91,5.208333333,17,91,18,4,83.3
16,1,7,130,90,5,94.73684211,5,115,0,10,96.3
16,1,8,131,98,4,96.07843137,4,117,5,5,109.4
16,1,9,129,0,102,0,10,119,0,0,122.3
16,1,10,129,55,41,57.29166667,56,57,7,9,135.2
16,1,11,153,44,45,49.43820225,57,45,7,44,150.5
16,1,12,131,47,45,51.08695652,50,56,22,3,163.6
16,1,13,128,54,44,55.10204082,62,46,20,0,176.4
16,1,14,132,64,13,83.11688312,65,25,22,20,189.6
16,1,15,130,0,100,0,106,8,13,3,202.6
16,1,16,130,82,18,82,22,99,8,1,215.6
16,1,17,134,0,11,0,4,24,0,106,229
16,1,18,135,42,0,100,46,0,0,89,242.5
16,2,1,128,0,14,0,8,20,11,89,12.7
16,2,2,126,22,68,24.44444444,22,95,7,2,25.3
16,2,3,126,0,0, ,4,0,3,119,37.9
16,2,4,131,100,0,100,0,100,8,23,51
16,2,5,143,101,0,100,101,11,3,28,65.3
16,2,6,135,0,80,0,15,92,0,28,78.8
16,2,7,130,46,55,45.54455446,78,46,6,0,91.8
16,2,8,136,92,5,94.84536082,5,120,8,3,105.4
16,2,9,129,90,0,100,113,0,11,5,118.3
16,2,10,132,51,39,56.66666667,73,39,14,6,131.5
16,2,11,132,35,61,36.45833333,88,35,7,2,144.7
16,2,12,129,57,0,100,14,57,17,41,157.6
16,2,13,191,70,22,76.08695652,70,22,5,94,176.7
16,2,14,130,44,48,47.82608696,44,66,16,4,189.7
16,2,15,195,62,26,70.45454545,44,62,6,83,209.2
16,2,16,259,31,43,41.89189189,43,48,3,165,235.1
16,2,17,187,63,33,65.625,63,33,8,83,253.8
16,2,18,129,79,17,82.29166667,87,36,6,0,266.7
16,2,19,131,101,0,100,13,106,0,12,279.8
16,2,20,131,80,8,90.90909091,8,107,8,8,292.9
16,2,21,148,44,24,64.70588235,48,24,17,59,307.7
16,2,22,186,97,0,100,111,0,3,72,326.3
16,2,23,133,34,32,51.51515152,55,34,27,17,339.6
16,2,24,233,26,6,81.25,6,26,3,198,362.9
16,2,25,150,29,36,44.61538462,29,36,0,85,377.9
16,2,26,128,88,8,91.66666667,104,15,9,0,390.7
16,2,27,127,26,35,42.62295082,62,26,6,33,403.4
16,2,28,133,22,53,29.33333333,60,22,21,30,416.7
16,2,29,187,6,40,13.04347826,6,40,4,137,435.4
16,2,30,192,38,25,60.31746032,38,35,39,80,454.6
16,2,31,179,23,0,100,0,26,12,141,472.5
16,2,32,171,18,0,100,0,18,16,137,489.6
16,2,33,170,0,29,0,0,29,6,135,506.6
16,2,34,137,18,0,100,18,6,26,87,520.3
16,2,35,295,45,24,65.2173913,24,45,33,193,549.8
16,2,36,128,40,34,54.05405405,37,48,28,15,562.6
16,2,37,173,43,30,58.90410959,43,34,5,91,579.9
16,2,38,144,26,27,49.05660377,26,28,0,90,594.3
16,2,39,131,33,15,68.75,20,39,7,65,607.4
16,2,40,138,5,37,11.9047619,43,14,24,57,621.2
16,3,1,284,0,89,0,0,89,0,195,28.3
16,3,2,307,0,90,0,0,94,0,213,59
16,3,3,132,57,0,100,0,57,0,75,72.2
16,3,4,128,59,0,100,0,65,19,44,85
16,3,5,137,0,40,0,0,42,0,95,98.7
16,3,6,132,0,32,0,0,55,6,71,111.9
16,3,7,135,38,0,100,0,56,0,79,125.4
16,3,8,133,55,0,100,0,55,0,78,138.7
16,3,9,143,0,42,0,0,65,6,72,153
16,3,10,138,0,18,0,0,23,3,112,166.8
16,3,11,129,60,0,100,0,60,13,56,179.7
16,3,12,190,22,6,78.57142857,6,25,0,159,198.7
16,3,13,172,19,0,100,19,0,14,139,215.9
16,3,14,459,0,5, ,0,5,12,442,261.8
16,3,15,170,67,0,100,0,67,2,101,278.8
16,3,16,169,8,0, ,4,16,9,140,295.7
16,3,17,256,9,5,64.28571429,9,5,11,231,321.3
16,3,18,180,7,2, ,7,2,16,155,339.3
16,3,19,259,1,40,2.43902439,40,4,18,197,365.2
16,3,20,141,0,20,0,24,0,2,115,379.3
16,3,21,157,4,3, ,4,3,0,150,395
16,3,22,189,0,4, ,0,4,5,180,413.9
16,3,23,146,27,0,100,0,27,0,119,428.5
16,3,24,136,54,0,100,0,58,0,78,442.1
16,3,25,135,0,4, ,0,13,0,122,455.6
16,3,26,140,3,10,23.07692308,3,18,12,107,469.6
16,3,27,159,0,17,0,17,0,9,133,485.5
17,1,1,135,104,0,100,122,0,13,0,13.4
17,1,2,132,0,105,0,5,127,0,0,26.6
17,1,3,132,105,0,100,0,132,0,0,39.8
17,1,4,128,100,0,100,0,128,0,0,52.6
17,1,5,131,0,104,0,0,131,0,0,65.7
17,1,6,131,0,103,0,0,130,0,1,78.8
17,1,7,136,109,0,100,0,136,0,0,92.4
17,1,8,134,106,0,100,0,134,0,0,105.8
17,1,9,129,0,99,0,0,122,4,3,118.7
17,1,10,132,0,104,0,0,131,0,1,131.9
17,1,11,128,101,0,100,0,128,0,0,144.7
17,1,12,129,103,0,100,0,129,0,0,157.6
17,1,13,132,0,105,0,0,132,0,0,170.8
17,1,14,131,0,104,0,0,125,0,6,183.9
17,1,15,130,101,0,100,0,127,0,3,196.9
17,1,16,135,45,0,100,0,73,0,62,210.4
17,1,17,134,0,107,0,0,134,0,0,223.8
17,1,18,130,93,0,100,97,23,10,0,236.8
17,1,19,131,0,104,0,122,0,6,3,249.9
17,1,20,131,0,98,0,120,0,6,5,263
17,1,21,130,102,0,100,120,0,7,3,276
17,1,22,131,102,0,100,127,0,3,1,289.1
17,1,23,131,1,98,1.01010101,120,5,4,2,302.2
17,1,24,136,0,107,0,134,0,0,2,315.8
17,1,25,130,86,0,100,113,0,5,12,328.8
17,1,26,132,105,0,100,122,7,3,0,342
17,1,27,132,0,100,0,114,8,3,7,355.2
17,1,28,132,0,105,0,132,0,0,0,368.4
17,1,29,135,108,0,100,133,0,0,2,381.9
17,1,30,135,104,0,100,131,0,0,4,395.4
17,1,31,131,0,104,0,124,0,7,0,408.5
17,1,32,130,0,98,0,119,5,3,3,421.5
17,1,33,130,103,0,100,126,0,4,0,434.5
17,1,34,132,104,0,100,130,0,0,2,447.7
17,1,35,130,0,101,0,128,0,0,2,460.7
17,1,36,127,0,100,0,125,0,0,2,473.4
17,1,37,137,104,0,100,128,0,0,9,487.1
17,1,38,129,101,0,100,120,0,0,9,500
17,1,39,129,0,82,0,109,0,14,6,512.9
17,1,40,133,0,106,0,133,0,0,0,526.2
17,2,1,135,65,0,100,65,0,68,2,13.4
17,2,2,132,86,6,93.47826087,103,6,21,2,26.6
17,2,3,136,30,0,100,21,30,82,3,40.2
17,2,4,132,103,0,100,1,120,9,2,53.4
17,2,5,129,0,54,0,5,67,53,4,66.3
17,2,6,132,66,31,68.04123711,74,47,0,11,79.5
17,2,7,130,97,0,100,6,111,12,1,92.5
17,2,8,133,75,13,85.22727273,17,91,21,4,105.8
17,2,9,130,96,0,100,101,0,28,1,118.8
17,2,10,130,81,0,100,95,0,34,1,131.8
17,2,11,130,2,88,2.222222222,110,2,18,0,144.8
17,2,12,130,100,0,100,11,100,16,3,157.8
17,2,13,130,0,97,0,5,103,21,1,170.8
17,2,14,128,0,95,0,4,107,14,3,183.6
17,2,15,127,94,3,96.90721649,8,110,4,5,196.3
17,2,16,129,92,4,95.83333333,4,102,17,6,209.2
17,2,17,133,3,101,2.884615385,6,112,11,4,222.5
17,2,18,133,0,105,0,0,125,5,3,235.8
17,2,19,130,97,0,100,0,116,8,6,248.8
17,2,20,128,88,4,95.65217391,4,106,14,4,261.6
17,2,21,130,3,99,2.941176471,14,99,13,4,274.6
17,2,22,131,0,97,0,7,103,8,13,287.7
17,2,23,130,102,0,100,3,120,1,6,300.7
17,2,24,131,94,0,100,0,105,24,2,313.8
17,2,25,130,0,29,0,5,34,39,52,326.8
17,2,26,135,0,76,0,0,94,2,39,340.3
17,2,27,132,90,3,96.77419355,3,93,5,31,353.5
17,2,28,143,59,5,92.1875,14,66,9,54,367.8
17,2,29,160,32,38,45.71428571,33,38,42,47,383.8
17,2,30,199,6,86,6.52173913,19,91,5,84,403.7
17,2,31,202,54,8,87.09677419,8,62,13,119,423.9
17,2,32,529,40,3,93.02325581,7,48,19,455,476.8
17,2,33,130,0,84,0,0,88,8,34,489.8
17,2,34,184,14,78,15.2173913,14,82,3,85,508.2
17,2,35,135,72,0,100,3,87,12,33,521.7
17,2,36,131,49,41,54.44444444,46,56,19,10,534.8
17,2,37,157,52,42,55.31914894,57,51,12,37,550.5
17,2,38,144,16,43,27.11864407,25,50,10,59,564.9
17,2,39,133,52,50,50.98039216,50,67,3,13,578.2
17,2,40,383,81,12,87.09677419,14,85,15,269,616.5
17,3,1,147,0,114,0,0,132,0,15,14.6
17,3,2,140,0,110,0,0,130,10,0,28.6
17,3,3,131,86,18,82.69230769,18,105,0,8,41.7
17,3,4,131,13,89,12.74509804,92,32,6,1,54.8
17,3,5,132,92,10,90.19607843,101,18,7,6,68
17,3,6,131,96,0,100,122,0,5,4,81.1
17,3,7,130,42,52,44.68085106,67,51,8,4,94.1
17,3,8,131,85,7,92.39130435,24,94,10,3,107.2
17,3,9,132,3,92,3.157894737,12,104,12,4,120.4
17,3,10,135,104,0,100,124,0,10,1,133.9
17,3,11,134,60,39,60.60606061,57,65,7,5,147.3
17,3,12,131,105,0,100,14,110,7,0,160.4
17,3,13,133,3,101,2.884615385,8,122,0,3,173.7
17,3,14,129,36,62,36.73469388,39,79,4,7,186.6
17,3,15,131,97,3,97,9,110,11,1,199.7
17,3,16,131,102,0,100,6,113,5,7,212.8
17,3,17,132,0,95,0,4,110,13,5,226
17,3,18,132,0,95,0,9,107,12,4,239.2
17,3,19,133,55,42,56.70103093,52,68,3,10,252.5
17,3,20,129,90,4,95.74468085,18,102,5,4,265.4
17,3,21,132,85,14,85.85858586,90,25,6,11,278.6
17,3,22,132,21,66,24.13793103,31,77,8,16,291.8
17,3,23,129,102,0,100,5,107,15,2,304.7
17,3,24,134,24,64,27.27272727,70,29,23,12,318.1
17,3,25,130,41,61,40.19607843,54,70,5,1,331.1
17,3,26,130,8,88,8.333333333,20,102,7,1,344.1
17,3,27,131,104,0,100,12,111,1,7,357.2
17,3,28,132,6,92,6.12244898,101,17,9,5,370.4
17,3,29,132,95,4,95.95959596,108,4,19,1,383.6
17,3,30,133,3,0, ,21,0,107,5,396.9
17,3,31,130,0,94,0,102,4,14,10,409.9
17,3,32,131,0,97,0,109,5,10,7,423
17,3,33,127,23,69,25,39,73,12,3,435.7
17,3,34,127,0,97,0,11,104,3,9,448.4
17,3,35,130,9,93,8.823529412,95,31,3,1,461.4
17,3,36,131,0,97,0,103,11,7,10,474.5
17,3,37,129,37,60,38.1443299,54,60,8,7,487.4
17,3,38,350,106,45,70.1986755,112,49,2,187,522.4
17,3,39,128,15,76,16.48351648,81,24,10,13,535.2
17,3,40,132,0,96,0,109,4,11,8,548.4
18,1,1,137,49,27,64.47368421,60,28,27,22,13.6
18,1,2,128,31,70,30.69306931,31,88,9,0,26.4
18,1,3,131,87,17,83.65384615,43,87,1,0,39.5
18,1,4,134,21,86,19.62616822,103,31,0,0,52.9
18,1,5,133,45,18,71.42857143,72,18,0,43,66.2
18,1,6,134,83,22,79.04761905,110,22,0,2,79.6
18,1,7,128,63,28,69.23076923,38,80,0,10,92.4
18,1,8,130,74,21,77.89473684,26,87,3,14,105.4
18,1,9,431,35,42,45.45454545,39,42,5,345,148.5
18,1,10,359,7,62,10.14492754,7,62,0,290,184.4
18,1,11,210,37,0,100,0,37,2,171,205.4
18,1,12,168,31,0,100,0,31,1,136,222.2
18,1,13,402,24,58,29.26829268,24,58,1,319,262.4
18,1,14,130,18,32,36,18,51,0,61,275.4
18,1,15,239,20,15,57.14285714,15,20,0,204,299.3
18,1,16,132,0,12,0,17,5,9,101,312.5
18,1,17,171,10,21,32.25806452,10,21,0,140,329.6
18,1,18,416,11,13,45.83333333,11,13,0,392,371.2
18,1,19,458,75,0,100,0,83,0,375,417
18,1,20,431,37,34,52.11267606,34,37,0,360,460.1
18,1,21,131,4,9,30.76923077,4,14,5,108,473.2
18,1,22,129,27,41,39.70588235,27,43,9,50,486.1
18,1,23,342,21,12,63.63636364,12,22,18,290,520.3
18,1,24,164,28,0,100,6,41,12,105,536.7
18,1,25,214,8,57,12.30769231,8,64,0,142,558.1
18,1,26,175,23,20,53.48837209,23,29,0,123,575.6
18,1,27,131,0,17,0,17,0,0,114,588.7
18,1,28,180,16,8,66.66666667,8,16,13,143,606.7
18,1,29,141,6,74,7.5,6,74,0,61,620.8
18,1,30,152,6,19,24,6,25,1,120,636
18,1,31,217,85,10,89.47368421,10,85,8,114,657.7
18,1,32,152,34,25,57.62711864,38,41,7,66,672.9
18,1,33,130,6,18,25,7,27,0,96,685.9
18,1,34,131,33,11,75,33,11,8,79,699
18,1,35,162,21,46,31.34328358,52,21,13,76,715.2
18,1,36,135,3,90,3.225806452,90,11,8,26,728.7
18,1,37,191,60,4,93.75,60,12,8,111,747.8
18,1,38,132,64,14,82.05128205,73,14,0,45,761
18,1,39,137,49,21,70,30,49,7,51,774.7
18,1,40,141,18,41,30.50847458,47,32,3,59,788.8
18,2,1,143,24,17,58.53658537,24,17,0,102,14.2
18,2,2,127,26,25,50.98039216,26,30,0,71,26.9
18,2,3,185,65,7,90.27777778,7,74,5,99,45.4
18,2,4,213,63,10,86.30136986,10,63,6,134,66.7
18,2,5,368,17,34,33.33333333,17,56,37,258,103.5
18,2,6,131,15,14,51.72413793,15,14,1,101,116.6
18,2,7,128,1,11,8.333333333,17,1,0,110,129.4
18,2,8,279,9,0, ,0,9,8,262,157.3
18,2,9,195,0,9, ,0,9,4,182,176.8
18,2,10,251,14,33,29.78723404,14,33,0,204,201.9
18,2,11,226,9,37,19.56521739,38,24,3,161,224.5
18,2,12,130,8,35,18.60465116,42,8,0,80,237.5
18,2,13,130,38,10,79.16666667,43,10,4,73,250.5
18,2,14,139,64,0,100,69,0,5,65,264.4
18,2,15,130,10,31,24.3902439,38,14,1,77,277.4
18,2,16,142,10,64,13.51351351,66,12,0,64,291.6
18,2,17,159,28,62,31.11111111,28,69,3,59,307.5
18,2,18,144,31,41,43.05555556,31,53,15,45,321.9
18,2,19,134,11,10,52.38095238,10,14,0,110,335.3
18,2,20,415,19,6,76,6,19,9,381,376.8
18,2,21,155,46,7,86.79245283,46,7,1,101,392.3
18,2,22,174,10,15,40,15,21,6,132,409.7
18,2,23,223,0,45,0,45,0,0,178,432
18,2,24,275,26,42,38.23529412,50,26,23,176,459.5
18,2,25,200,11,48,18.6440678,11,74,9,106,479.5
18,2,26,132,0,88,0,0,99,0,33,492.7
18,2,27,153,79,13,85.86956522,13,95,1,44,508
18,2,28,213,27,14,65.85365854,14,27,3,169,529.3
18,2,29,242,0,69,0,0,81,0,161,553.5
18,2,30,212,31,48,39.24050633,31,48,0,133,574.7
18,2,31,133,25,36,40.98360656,36,44,9,44,588
18,2,32,143,42,0,100,5,48,20,70,602.3
18,2,33,142,23,56,29.11392405,23,83,21,15,616.5
18,2,34,130,0,100,0,0,114,0,16,629.5
18,2,35,134,44,0,100,0,68,2,64,642.9
18,2,36,153,27,64,29.67032967,64,27,1,61,658.2
18,2,37,195,0,46,0,16,46,17,116,677.7
18,2,38,132,0,102,0,0,102,0,30,690.9
18,2,39,130,94,0,100,0,121,0,9,703.9
18,2,40,131,36,0,100,0,62,12,57,717
18,3,1,165,7,31,18.42105263,7,53,4,101,16.4
18,3,2,152,46,38,54.76190476,46,38,0,68,31.6
18,3,3,175,30,30,50,35,30,3,107,49.1
18,3,4,151,17,40,29.8245614,50,17,5,79,64.2
18,3,5,352,39,69,36.11111111,48,75,35,194,99.4
18,3,6,233,66,18,78.57142857,80,22,16,115,122.7
18,3,7,152,42,4,91.30434783,4,52,23,73,137.9
18,3,8,231,34,28,54.83870968,32,43,15,141,161
18,3,9,175,42,31,57.53424658,42,34,14,85,178.5
18,3,10,361,104,16,86.66666667,116,22,18,205,214.6
18,3,11,158,23,67,25.55555556,85,25,6,42,230.4
18,3,12,240,53,41,56.38297872,47,53,31,109,254.4
18,3,13,173,68,28,70.83333333,94,28,3,48,271.7
18,3,14,227,103,0,100,117,0,14,96,294.4
18,3,15,140,39,34,53.42465753,45,39,18,38,308.4
18,3,16,228,32,64,33.33333333,69,32,29,98,331.2
18,3,17,138,34,44,43.58974359,34,53,4,47,345
18,3,18,195,70,14,83.33333333,78,19,33,65,364.5
18,3,19,197,8,78,9.302325581,92,12,10,83,384.2
18,3,20,158,57,43,57,43,61,9,45,400
18,3,21,228,121,7,94.53125,134,7,16,71,422.8
18,3,22,455,0,80,0,0,80,35,340,468.3
18,3,23,175,52,0,100,0,52,8,115,485.8
18,3,24,190,25,68,26.88172043,75,28,4,83,504.8
18,3,25,166,48,9,84.21052632,63,9,9,85,521.4
18,3,26,184,45,35,56.25,45,41,31,67,539.8
18,3,27,147,27,49,35.52631579,54,36,10,47,554.5
18,3,28,159,0,84,0,95,6,7,51,570.4
18,3,29,150,57,35,61.95652174,57,44,4,45,585.4
18,3,30,136,33,0,100,45,0,21,70,599
18,3,31,142,0,71,0,92,0,1,49,613.2
18,3,32,134,23,42,35.38461538,62,26,0,46,626.6
18,3,33,145,17,41,29.31034483,17,49,26,53,641.1
18,3,34,136,69,22,75.82417582,69,34,2,31,654.7
18,3,35,137,41,43,48.80952381,64,47,13,13,668.4
18,3,36,140,12,49,19.67213115,65,20,2,53,682.4
18,3,37,141,41,0,100,54,0,0,87,696.5
18,3,38,174,109,0,100,124,0,2,48,713.9
18,3,39,152,30,85,26.08695652,86,42,2,22,729.1
18,3,40,142,47,29,61.84210526,54,47,0,41,743.3